character_name,element_color,rarity_tier,base_strike_attack,base_blast_attack,base_hp,base_strike_defence,base_blast_defence,critical_rate,ki_recovery,combined_offence,offensive_power,z_score,anomaly_prediction,anomaly_score
Super Saiyan Trunks (Teen) & Gohan,RED,LEGEND,254710,276837,2529134,179198,180989,0.1364,0.2305,531547,531547,1.0647891212287053,1,-0.4666266410963967
 Broly: Fury,GRN,LEGEND,258277,243640,2683431,175625,173878,0.1489,0.243,501917,501917,0.6197206662683287,1,-0.4469022175638406
Super Saiyan Rosé Ultra Supervillain Goku Black,BLU,LEGEND,278199,257256,2554425,172545,172545,0.1422,0.2382,535455,535455,1.123490691326078,1,-0.43908032990689944
 Bardock,YEL,LEGEND,279338,241217,2696646,179171,175634,0.1409,0.2329,520555,520555,0.8996796896753992,1,-0.5009382233361862
Super Saiyan 3 Goku (Mini),PUR,LEGEND,278321,253538,2427952,175237,172646,0.1416,0.2419,531859,531859,1.069475633478035,1,-0.43357602676439766
Fused with Kami Piccolo,BLU,LEGEND,264553,278335,2683264,174371,174379,0.1308,0.2271999999999999,542888,542888,1.2351408373173194,1,-0.5000249820441675
 Super Vegito,PUR,LEGEND,278328,254786,2529236,182890,173979,0.1384,0.2309,533114,533114,1.0883268285835117,1,-0.45771818470382225
Super Saiyan God Shallet,GRN,LEGEND,251213,267405,2593494,176819,180383,0.1432,0.2397,518618,518618,0.870584259460811,1,-0.45023040318752033
Super Saiyan God SS Gogeta,RED,ULTRA,255721,279618,2656598,169963,169971,0.1423,0.2453999999999999,535339,535339,1.1217482701051733,1,-0.4770060404357985
Super Saiyan Trunks (Adult),GRN,ULTRA,278300,254811,2528982,176130,174388,0.1444,0.2407,533111,533111,1.0882817659657296,1,-0.44837323533238627
Ultimate Gohan Absorbed Buu: Super,RED,ULTRA,275554,251005,2529236,172646,170930,0.1459,0.2455,526559,526559,0.989865008729807,1,-0.42950322122796614
Super Full Power Saiyan 4 Goku,GRN,ULTRA,243729,260607,2554653,181981,181081,0.1457,0.261,504336,504336,0.6560561570732275,1,-0.49540444054092503
Half-Corrupted Fusion Zamasu,PUR,ULTRA,260721,252379,2645514,171023,174472,0.1474,0.2321,513100,513100,0.7876990844870898,1,-0.4345506545343294
Super Saiyan 4 Vegeta,RED,ULTRA,263339,267277,2580556,177609,182990,0.1358,0.2287,530616,530616,1.0508046888436864,1,-0.47865129589360184
Final Form Frieza: Full Power,GRN,ULTRA,249858,272671,2656666,170173,177115,0.1408,0.251,522529,522529,0.9293308921759657,1,-0.46490433411435844
Super Saiyan Goku,YEL,ULTRA,268740,255001,2541892,179474,179483,0.1409,0.2410999999999999,523741,523741,0.9475361897599001,1,-0.4471835368742156
 Perfect Cell,RED,ULTRA,259621,262212,2428377,168885,173132,0.1542,0.261,521833,521833,0.918876364850538,1,-0.4479542219319008
Beast Gohan,YEL,ULTRA,269906,268841,2477177,172083,170375,0.1413,0.2409,538747,538747,1.1729394039055434,1,-0.4184321134296093
 Majin Vegeta,YEL,ULTRA,266285,263615,2529639,175641,168778,0.1409,0.2413,529900,529900,1.0400497440663787,1,-0.4084920470949909
 Turles,BLU,ULTRA,252783,255304,2555158,178886,179795,0.1479,0.2537,508087,508087,0.7123994501733414,1,-0.46699955400587556
Super Saiyan 4 Gogeta,PUR,ULTRA,266487,241900,2593898,179896,181678,0.1463,0.249,508387,508387,0.716905711951543,1,-0.4864547167801462
 Golden Frieza,PUR,ULTRA,279035,256785,2416581,180906,180906,0.1423,0.2302,535820,535820,1.12897330982289,1,-0.49033987308978616
Super Saiyan 2 Gohan (Youth),GRN,ULTRA,262616,262616,2404502,170973,173536,0.1546,0.2588,525232,525232,0.9699323107975619,1,-0.4586234781355567
Ultra Instinct -Sign- Goku,YEL,ULTRA,255607,279143,2530043,170880,173281,0.1381,0.2373,534750,534750,1.1129009761473043,1,-0.4318419683027175
 Super Janemba,BLU,ULTRA,274992,261441,2620031,174321,174312,0.1394,0.2291,536433,536433,1.1381811047230153,1,-0.44245130634330754
Super Saiyan God SS Vegito,RED,ULTRA,275079,259546,2633228,170132,173546,0.133,0.2491,534625,534625,1.1110233670730536,1,-0.4638562315795004
 Buu: Kid,YEL,ULTRA,263095,267063,2599984,171191,171505,0.1469,0.2542,530158,530158,1.043925129195632,1,-0.4570206001809187
Super Saiyan Rosé Goku Black,GRN,ULTRA,272744,253565,2679366,163818,167101,0.1551,0.2657,526309,526309,0.9861097905813057,1,-0.5206896808147906
 Hit,RED,ULTRA,275573,246186,2679467,168027,171401,0.1484,0.2608,521759,521759,0.9177648202785816,1,-0.48926541455741357
Super Saiyan God SS Gogeta,PUR,ULTRA,275702,248759,2653053,169811,164837,0.1501,0.2557999999999999,524461,524461,0.9583512180275839,1,-0.4719190206832219
Legendary Super Saiyan Broly,PUR,ULTRA,279922,264835,2653154,166579,164938,0.14,0.2521,544757,544757,1.2632148481955152,1,-0.4806547002623422
 Super Vegito,YEL,ULTRA,262317,264910,2626739,171993,173704,0.1487,0.2485,527227,527227,0.9998989516226026,1,-0.4512583619506379
Super Saiyan God SS Kaioken Goku,YEL,ULTRA,266528,270744,2513545,167753,163502,0.1558,0.2582,537272,537272,1.1507836168293857,1,-0.4985112525925772
 Super Gogeta,BLU,ULTRA,274364,264710,2511727,164293,164302,0.1523,0.2627,539074,539074,1.1778512292437833,1,-0.48300938771492485
 Omega Shenron,RED,ULTRA,247552,245079,2423480,168562,170245,0.1465,0.2517,492631,492631,0.4802368433603956,1,-0.3845727101075305
 Vegeta,PUR,ULTRA,258101,260076,2433568,164434,158022,0.1415,0.2382999999999999,518177,518177,0.8639600546468547,1,-0.3732893523578874
Super Saiyan Goku,RED,ULTRA,265518,251969,2387958,161394,161402,0.1414,0.2448,517487,517487,0.853595652556991,1,-0.37714341666430184
 Shallot,LGT,SPARKING,260252,253881,2352031,169351,166026,0.1299,0.2122,514133,514133,0.8032156458766972,1,-0.41206975647159233
 Pan,YEL,SPARKING,254456,238806,2350079,165959,167626,0.1409,0.2387,493262,493262,0.48971501396721295,1,-0.3713187326366505
 Whis,GRN,SPARKING,238818,253175,2452497,165926,160232,0.1423,0.2417,491993,491993,0.47065352664542026,1,-0.37311799996595013
 Paragus: Broly (Assist),PUR,SPARKING,256999,243628,2397553,164301,162667,0.1372,0.2339999999999999,500627,500627,0.6003437406220619,1,-0.36183600204227584
 Trunks (Xeno),PUR,SPARKING,249656,243640,2452252,174278,177797,0.1294,0.2216,493296,493296,0.4902257236354091,1,-0.3974146816159195
Super Saiyan God Ultra Supervillain Vegeta,RED,SPARKING,242186,255977,2385744,170825,172532,0.1366,0.2317,498163,498163,0.5633323105504329,1,-0.37490701299430074
Farmer Goku,GRN,SPARKING,254685,246064,2486754,165959,164309,0.1308,0.2227,500749,500749,0.6021762870785305,1,-0.37000348762073104
 Tamagami Number One,GRN,SPARKING,261909,248522,2373798,163585,162759,0.1393,0.2294999999999999,510431,510431,0.7476083755336898,1,-0.37287555989993554
 Mai,BLU,SPARKING,249770,249782,2489320,168565,171966,0.1308,0.2206,499552,499552,0.5841963025835062,1,-0.3827570097803685
Super Saiyan God SS Goku & Vegeta,BLU,SPARKING,228057,269587,2477245,176988,173495,0.1259,0.2162,497644,497644,0.5555364776741442,1,-0.4657005653779599
 Tamagami Number Two,RED,SPARKING,264540,251030,2326680,162768,161142,0.1414,0.2294999999999999,515570,515570,0.8248006397942829,1,-0.38124897521018397
Super Saiyan 3 Vegeta (Mini),YEL,SPARKING,256084,267196,2428074,172646,172638,0.1365,0.2329,523280,523280,0.9406115674940636,1,-0.3851303693399886
Super Saiyan Goku,BLU,SPARKING,232660,250986,2477245,171788,173495,0.1384,0.2208999999999999,483646,483646,0.34527430310325813,1,-0.3854405715974154
 Super Saiyan God Goku & Hit,RED,SPARKING,260594,258363,2580327,168548,166052,0.1424,0.2394,518957,518957,0.8756763352701789,1,-0.401450564890695
Super Saiyan 2 Gohan (Youth),BLU,SPARKING,267210,251005,2503945,171975,166898,0.1473,0.2318,518215,518215,0.8645308478054269,1,-0.40476060950829734
Super Saiyan Gotenks,RED,SPARKING,232439,230358,2452353,175246,173504,0.1446,0.2544,462797,462797,0.03210413039084188,1,-0.42625551613803664
 Super Janemba,YEL,SPARKING,262962,252278,2476874,167736,167727,0.1424,0.2519,515240,515240,0.8198437518382612,1,-0.3971651535329697
 Goku & Vegeta,GRN,SPARKING,257100,265868,2452353,171780,170072,0.136,0.2365,522968,522968,0.935925055244734,1,-0.38208416832569275
Super Saiyan Gohan (Youth),RED,SPARKING,242612,262010,2464530,166153,164502,0.1346,0.2284,504622,504622,0.660352126635113,1,-0.37496892874882853
 Goku,GRN,SPARKING,269974,243818,2327014,160442,160434,0.1384999999999999,0.241,513792,513792,0.7980935283221415,1,-0.38881724375307797
 Android #14 & Android #15,GRN,SPARKING,252114,249858,2501992,166161,164511,0.1336999999999999,0.2263,501972,501972,0.620546814260999,1,-0.36421031842463436
 Android #13,BLU,SPARKING,247128,244916,2539706,175347,173605,0.1374,0.2557999999999999,492044,492044,0.47141959114771453,1,-0.41362003977071143
Super Saiyan 3 Goku,PUR,SPARKING,249858,263312,2554754,180282,182990,0.1283,0.2187,513170,513170,0.7887505455686702,1,-0.4951689636891806
 King Cold,BLU,SPARKING,260030,245060,2403896,162868,161251,0.1424,0.2384,505090,505090,0.6673818950091075,1,-0.3683504957841599
 Metal Cooler,PUR,SPARKING,249609,239008,2501867,182082,181182,0.1397,0.2432,488617,488617,0.4199430607680584,1,-0.44626383296450994
Final Form Frost: Full Power,RED,SPARKING,260030,240201,2403896,160450,159489,0.1447,0.2455999999999999,500231,500231,0.5943954750748358,1,-0.37231578464791354
Super Saiyan 2 Kefla,GRN,SPARKING,284019,267311,2403896,173596,170860,0.131,0.2229,551330,551330,1.361947043755912,1,-0.4542187710429313
3rd Form Frieza,RED,SPARKING,239311,268929,2327084,164814,174092,0.1273,0.2212,508240,508240,0.7146976436802241,1,-0.4341392560006944
 Nappa,YEL,SPARKING,235085,263312,2347954,167828,166987,0.144,0.2483,498397,498397,0.5668471947374301,1,-0.4092479756400195
 Tien & Chiaotzu,PUR,SPARKING,257458,247387,2425528,169504,167828,0.133,0.2229,504845,504845,0.6637017812235761,1,-0.3757430446964902
Super Saiyan Cabba,RED,SPARKING,260030,262010,2327014,158849,159481,0.1409,0.2330999999999999,522040,522040,0.9219856854774972,1,-0.3872255700017642
Super Saiyan God SS Vegeta,PUR,SPARKING,257458,267297,2428175,171881,172565,0.1411,0.2444,524755,524755,0.9627673545702214,1,-0.40189346817680716
Super Saiyan 2 Caulifla & Kale,YEL,SPARKING,260131,242726,2440232,173697,170961,0.1362,0.2332,502857,502857,0.6338402865066937,1,-0.37598584564593285
Ultra Instinct -Sign- Goku,BLU,SPARKING,281311,245161,2403997,173697,169255,0.1441,0.2433,526472,526472,0.9885581928141285,1,-0.44529541968664393
 Jiren: Full Power,BLU,SPARKING,242707,245161,2452555,173715,172666,0.1375,0.2307999999999999,487868,487868,0.4086924271951484,1,-0.3693462314196763
 Krillin,RED,SPARKING,241520,225130,2452432,162970,171305,0.1525,0.2611,466650,466650,0.08997955249554425,1,-0.4245651829208659
 Vegeta,GRN,SPARKING,252455,256254,2524734,171973,171982,0.1426,0.2385,508709,508709,0.7217424329268126,1,-0.38342464506777363
 Goku,RED,SPARKING,266070,241496,2603880,176319,173697,0.1362,0.2263,507566,507566,0.7045735755518646,1,-0.42277043539627895
 Jackie Chun,BLU,SPARKING,252480,242707,2554855,162970,171305,0.1322,0.2357,495187,495187,0.5186301937106731,1,-0.38339718827433245
 Goku (Youth),YEL,SPARKING,266057,243931,2593235,173697,170274,0.1362,0.2329,509988,509988,0.7409541289745454,1,-0.4055693543643506
 Tambourine,GRN,SPARKING,249947,232862,2477324,162970,166262,0.1477,0.243,482809,482809,0.3327018327420757,1,-0.3817343527606692
 Demon King Piccolo,PUR,SPARKING,268947,257547,2580400,161340,162161,0.1441,0.2306,526494,526494,0.9888886520111967,1,-0.4192359092840769
 Cyborg Tao,BLU,SPARKING,268841,239210,2362292,154925,154917,0.1439,0.2435999999999999,508051,508051,0.7118586987599571,1,-0.38879107580734257
 Majin Duu,PUR,SPARKING,228371,250060,2555084,172083,175558,0.1389,0.2368,478431,478431,0.26694045252552057,1,-0.40308107360544765
Super Saiyan 4 Goku,BLU,SPARKING,268841,241621,2464978,169714,166372,0.1512,0.251,510462,510462,0.7480740225841039,1,-0.42320856522696104
 Majin Kuu,YEL,SPARKING,239222,241621,2452901,177811,179602,0.141,0.2332999999999999,480843,480843,0.3031707972222613,1,-0.4209233894293037
Super Saiyan 3 Vegeta,GRN,SPARKING,255102,252581,2452778,170556,168039,0.1462,0.251,507683,507683,0.7063310176453632,1,-0.3884761823938697
2nd Form Cell,BLU,SPARKING,246341,253828,2350483,161453,166355,0.1338,0.2321,500169,500169,0.5934641809740074,1,-0.36549547735684335
 Super Trunks,RED,SPARKING,251308,240403,2554700,173132,172278,0.1298,0.2286,491711,491711,0.4664176405739108,1,-0.39551295782001167
Super Saiyan Goku,PUR,SPARKING,256375,271524,2428256,161453,163070,0.1512,0.2584,527899,527899,1.0099929780057741,1,-0.4340298897732366
Fused with Kami Piccolo,YEL,SPARKING,253854,216435,2350483,184115,180488,0.1344,0.2264,470289,470289,0.1446405078651295,1,-0.47499522496923824
 Android #17,PUR,SPARKING,253828,262212,2303949,168885,170577,0.1293,0.2208999999999999,516040,516040,0.8318604499134654,1,-0.3990411969064543
 Fusion Zamasu,RED,SPARKING,262219,250072,2477425,174674,171225,0.1402999999999999,0.2434,512291,512291,0.7755471985585396,1,-0.3917812221488741
 Android #18,YEL,SPARKING,227232,227220,2529538,172949,178201,0.1491,0.247,454452,454452,-0.09324505140613223,1,-0.4400121061765584
 Super Saiyan Gohan & Trunks (Youth),BLU,SPARKING,253841,253841,2404098,182297,185038,0.1361,0.2286,507682,507682,0.7063159967727692,1,-0.4543707151522345
Super Saiyan Goten (Kid),PUR,SPARKING,257660,246467,2280914,171423,166372,0.1347,0.2347,504127,504127,0.6529167947010804,1,-0.38361257072224453
Super Saiyan God SS Goku,BLU,SPARKING,251314,253848,2386148,173807,175549,0.1267,0.2098999999999999,505162,505162,0.6684633978358758,1,-0.4425557756943815
 Tamagami Number Three,PUR,SPARKING,251415,233075,2580731,175667,177409,0.1311999999999999,0.2166,484490,484490,0.3579519195725986,1,-0.4395188728516456
Super Saiyan Goku (Mini),RED,SPARKING,266272,239311,2477649,174779,172184,0.1441,0.2511,505583,505583,0.6747871851979521,1,-0.4108149576049994
 Videl,BLU,SPARKING,250186,228461,2404199,163972,163151,0.1557,0.2564,478647,478647,0.2701849610058257,1,-0.4375175203923061
Super Saiyan 2 Goku,GRN,SPARKING,268942,255203,2504349,175641,172184,0.1331,0.2213,524145,524145,0.9536046222878782,1,-0.41400387519033743
 Vegeta,RED,SPARKING,244145,230739,2428478,179676,177894,0.1324,0.2268,474884,474884,0.21366141743458378,1,-0.43207415875369126
Super Saiyan Trunks (Teen),BLU,SPARKING,257504,244133,2502295,157566,157566,0.1398,0.2332999999999999,501637,501637,0.6155148219420072,1,-0.36881081743655797
Perfect Form & Final Form Cell & Frieza,BLU,SPARKING,262058,239323,2374321,163980,162355,0.1377,0.2435,501381,501381,0.6116694785579418,1,-0.3765787004642795
 Goku Black,YEL,SPARKING,252657,244133,2527438,177894,178789,0.1427,0.2387,496790,496790,0.5427086524788636,1,-0.4192518848235873
 Mai,RED,SPARKING,228256,250173,2452757,172175,173899,0.1442999999999999,0.2392,478429,478429,0.2669104107803325,1,-0.3962328111160333
 Vegito,GRN,SPARKING,247666,264937,2606662,173042,176525,0.1286999999999999,0.2387,512603,512603,0.7802337108078692,1,-0.43576353213030605
 Glorio,YEL,SPARKING,247690,266285,2477526,168148,173233,0.1311999999999999,0.2198999999999999,513975,513975,0.8008423480068445,1,-0.3926889666575096
 Goku (Mini),BLU,SPARKING,250161,250161,2580859,176521,175650,0.1286999999999999,0.2188,500322,500322,0.5957623744808903,1,-0.4273560253112343
 Hyper Meta-Rilldo,YEL,SPARKING,263655,223949,2453002,171516,169807,0.1394999999999999,0.2312999999999999,487604,487604,0.404726916830331,1,-0.3948894666961086
 Goku (Mini),GRN,SPARKING,259041,241710,2453002,168140,164814,0.1492,0.2311,500751,500751,0.6022063288237185,1,-0.39293646149249206
 Majin Buu (Good): Hercule (Assist),YEL,SPARKING,239323,221994,2529639,175641,173908,0.1498,0.2413,461317,461317,0.00987323895171406,1,-0.4324268400237878
Super Saiyan 3 Gotenks,RED,SPARKING,266285,266272,2504349,175659,173917,0.1331,0.2213,532557,532557,1.0799602025486508,1,-0.41166619981418584
Super Saiyan 3 Goku,PUR,SPARKING,233176,235489,2567866,175751,172276,0.1462,0.2291,468665,468665,0.12024661077246492,1,-0.4264084163439513
 Rasin: Lakasei (Assist),YEL,SPARKING,233176,217711,2428579,175751,175760,0.1464,0.2651,450887,450887,-0.14679446220376108,1,-0.46585650469118906
 Cacao,RED,SPARKING,252795,239436,2453103,177510,177510,0.1369999999999999,0.2288,492231,492231,0.4742284943227935,1,-0.399674707316137
 Amond,GRN,SPARKING,244246,247791,2514968,160846,164089,0.1377,0.2410999999999999,492037,492037,0.4713144450395565,1,-0.3619189000250322
 Daiz,PUR,SPARKING,255304,254024,2502521,162456,162464,0.1377,0.2266,509328,509328,0.7310403530625019,1,-0.3625558622035628
 Goku,YEL,SPARKING,255304,266373,2529740,172293,174880,0.134,0.2311,521677,521677,0.9165331087258732,1,-0.3926811895642911
 Boujack,BLU,SPARKING,263743,250274,2248512,162456,162464,0.134,0.2346,514017,514017,0.8014732246557927,1,-0.3845488733157849
 Garlic Jr.,PUR,SPARKING,234685,228562,2580960,176622,177519,0.1508,0.2487,463247,463247,0.038863523058144264,1,-0.46209877457212595
 Piccolo & Goku,RED,SPARKING,244246,255304,2490074,174018,174009,0.1414,0.2387999999999999,499550,499550,0.5841662608383182,1,-0.38727549903605857
 Jiren,PUR,SPARKING,266386,229724,2428579,162464,161501,0.1378,0.237,496110,496110,0.53249445911494,1,-0.378610445446573
Super Saiyan Goku,YEL,SPARKING,228562,259142,2398278,164915,169916,0.1377,0.2288,487704,487704,0.40622900408973156,1,-0.3816319661905559
Super Saiyan Broly,RED,SPARKING,266373,252783,2428579,174009,173138,0.1353,0.2311,519156,519156,0.8786654889163859,1,-0.3838349092409154
Super Saiyan Goten (Kid),PUR,SPARKING,217711,239412,2580702,184322,183413,0.135,0.2312,457123,457123,-0.05312430070754411,1,-0.4981663065529174
 Omega Shenron,GRN,SPARKING,250287,261125,2428579,175760,179287,0.1362,0.245,511412,511412,0.7623438515484089,1,-0.4121174406618597
 Syn Shenron,RED,SPARKING,241912,247892,2580933,172394,175843,0.1307,0.2114,489804,489804,0.43777283653714266,1,-0.43494665150757716
Super Saiyan Trunks (Adult) (Rage),PUR,SPARKING,255392,266474,2477480,154463,156008,0.1334,0.2212,521866,521866,0.9193720536461402,1,-0.3938254255371271
 Majin Buu: Pure Evil,GRN,SPARKING,229808,245559,2440880,178987,177223,0.1411,0.2326,475367,475367,0.22091649889748835,1,-0.4235894825454535
 Ultimate Gohan,PUR,SPARKING,256684,271827,2529588,175852,174110,0.13,0.2192,528511,528511,1.0191857520333054,1,-0.44349860640379835
God of Destruction Beerus,BLU,SPARKING,239537,267809,2477851,160955,164182,0.1378,0.2312,507346,507346,0.7012689835811834,1,-0.380486018488443
Super Saiyan God Goku,GRN,SPARKING,266474,263844,2453081,170859,166666,0.1442999999999999,0.2389,530318,530318,1.0463284688106729,1,-0.3976327154543737
 Bulma (Youth),BLU,SPARKING,255417,277543,2404401,153684,158340,0.1263,0.2189,532960,532960,1.0860136142040349,1,-0.4556186428402018
 Android #18,YEL,SPARKING,227540,232098,2517132,174981,173256,0.1397,0.2476,459638,459638,-0.015346806133620817,1,-0.4137635564546776
East Supreme Kai Shin,RED,SPARKING,228674,244335,2452959,172377,174101,0.1463,0.2415,473009,473009,0.18549728132082388,1,-0.4006986806785336
 Broly: Fury,GRN,SPARKING,269144,241924,2428680,175852,172394,0.1314,0.2246,511068,511068,0.7571766713760711,1,-0.4170066020567396
 Vegeta & Goku,BLU,SPARKING,256684,255392,2428680,174101,172377,0.1377,0.2439,512076,512076,0.7723177109508285,1,-0.38621839138034614
Super Saiyan God SS Goku & Vegeta,YEL,SPARKING,272064,259243,2502622,170678,174119,0.1378,0.2212,531307,531307,1.061184111806144,1,-0.40777163407311035
 Nappa,PUR,SPARKING,244323,252859,2395886,172377,172386,0.14,0.2289,497182,497182,0.5485968345357137,1,-0.3736872122924775
 Yamcha,BLU,SPARKING,266474,216722,2578249,168333,168325,0.1393,0.2412,483196,483196,0.3385149104359557,1,-0.43062254019532
 Goku,YEL,SPARKING,270479,233254,2450531,168325,166658,0.1315,0.2312,503733,503733,0.6469985708990423,1,-0.409877733764496
 Raditz,RED,SPARKING,246884,247968,2408023,168426,166759,0.133,0.2213,494852,494852,0.5135982013916813,1,-0.3699102100535171
Trunks (Parasitism) Baby,GRN,SPARKING,223410,262623,2339312,167609,169276,0.1435,0.2428,486033,486033,0.38112912598514875,1,-0.4075508457590904
 Super Baby 2,YEL,SPARKING,259344,237238,2529942,179489,174211,0.1494,0.2467,496582,496582,0.5395843109793105,1,-0.44200500516759733
 Broly: Fury,BLU,SPARKING,242013,250464,2351122,168434,170118,0.1362,0.2191,492477,492477,0.4779236289809188,1,-0.3856125391093532
 Android #16,GRN,SPARKING,249229,246745,2428781,176837,175953,0.1368,0.2235,495974,495974,0.5304516204421553,1,-0.3921936343125259
 Super Vegeta,RED,SPARKING,265260,258064,2428659,175078,173344,0.1444,0.239,523324,523324,0.9412724858881999,1,-0.40017592686702935
1st Form Cell,YEL,SPARKING,240819,216839,2504652,176837,175086,0.1427999999999999,0.2312999999999999,457658,457658,-0.04508813386975129,1,-0.435656212003308
 Super #17,RED,SPARKING,250464,260006,2581162,172495,175953,0.1405,0.2339,510470,510470,0.748194189564856,1,-0.4031058462372706
Red Ribbon Army Piccolo,PUR,SPARKING,245660,242037,2374624,164283,161056,0.143,0.239,487697,487697,0.4061238579815735,1,-0.36143928445305756
 Rage Shenron,YEL,SPARKING,229909,251718,2515170,173357,176824,0.1384999999999999,0.2281,481627,481627,0.31494716133596146,1,-0.3936184962123089
 Bulla: Vegeta (Assist),PUR,SPARKING,252985,239602,2428781,166776,173536,0.1364,0.2373999999999999,492587,492587,0.4795759249662594,1,-0.36517616781042106
 Whis,PUR,SPARKING,254226,242013,2372274,166767,163475,0.1356,0.2257999999999999,496239,496239,0.5344321516795667,1,-0.3654045651947479
 Pan: Trunks & Giru (Assist),YEL,SPARKING,263945,228752,2428781,170126,170118,0.1326999999999999,0.2249,492697,492697,0.48122822095159995,1,-0.3957538881532974
 Goku,BLU,SPARKING,258064,261314,2529942,175953,174211,0.1314,0.2351,519378,519378,0.882000122632255,1,-0.40340436779863187
God of Destruction Beerus,BLU,SPARKING,218014,232317,2248815,163576,168367,0.1565,0.2797,450331,450331,-0.155146067366028,1,-0.5119092907687673
 Goku & Bardock,BLU,SPARKING,261415,250565,2581263,171061,170219,0.1445,0.2391,511980,511980,0.7708757071818039,1,-0.40010618752983823
Final Form Frieza,GRN,SPARKING,259445,233456,2304454,168544,168535,0.1328,0.2317,492901,492901,0.48429247896077704,1,-0.39296208648291403
 Golden Frieza,GRN,SPARKING,246972,259451,2428639,153893,156054,0.1368,0.2451,506423,506423,0.6874047181769165,1,-0.3796988518989479
 Gotenks,YEL,SPARKING,228865,228865,2657638,172778,171928,0.1431,0.2391,457730,457730,-0.044006631042982906,1,-0.44183780654146637
 Ultimate Gohan,RED,SPARKING,255619,253086,2568170,171928,170227,0.1303,0.2192,508705,508705,0.7216823494364366,1,-0.4076225945245323
 Cooler,GRN,SPARKING,257908,228865,2350988,161157,159556,0.1505,0.2565,486773,486773,0.39224457170471266,1,-0.4033215827729876
 Golden Frieza,YEL,SPARKING,235804,268004,2416440,166868,169212,0.1304,0.2259,503808,503808,0.6481251363435927,1,-0.3977135918751661
Super Saiyan God SS Evolved & Super Saiyan God SS Kaioken Vegeta & Goku,GRN,SPARKING,253061,272029,2581006,163576,167538,0.1381,0.2439,525090,525090,0.9677993468892132,1,-0.42545514704450454
Super Saiyan Gohan (Youth),BLU,SPARKING,198287,256886,2351104,176063,177822,0.1402999999999999,0.249,455173,455173,-0.08241500226585442,1,-0.48332256255756684
 Pikkon,GRN,SPARKING,248094,256886,2351105,170227,170219,0.1329,0.2214,504980,504980,0.6657295990237669,1,-0.3743098678237985
Hero Tapion,PUR,SPARKING,253086,239715,2478053,172778,171928,0.1266,0.2072,492801,492801,0.4827903917013765,1,-0.43313299541555206
 Demon King Piccolo,GRN,SPARKING,246954,256987,2434706,167794,169478,0.1275,0.2102,503941,503941,0.6501229123985954,1,-0.4193564943353168
 Piccolo Jr.,RED,SPARKING,249412,253174,2502800,172012,168636,0.1332,0.2191,502586,502586,0.6297696300337182,1,-0.38654535680652236
 Goku,GRN,SPARKING,232401,249545,2555434,170973,172680,0.1318,0.2257,481946,481946,0.31973881969344914,1,-0.4003200670968165
 Master Roshi,YEL,SPARKING,242239,253187,2465584,168645,172021,0.1317,0.2214999999999999,495426,495426,0.5222201822606404,1,-0.383224222326291
 Android #8,BLU,SPARKING,258925,228966,2410610,174422,176164,0.1292,0.2214999999999999,487891,487891,0.40903790726481054,1,-0.41882641850163266
 Goku (Youth),PUR,SPARKING,255720,261516,2594201,172688,174413,0.1381,0.2339,517236,517236,0.8498254135358957,1,-0.4066101492838992
Super Saiyan Goku,BLU,SPARKING,269447,266777,2339280,174404,174413,0.1155,0.2339,536224,536224,1.135041742350868,1,-0.4905721071341126
 Recoome & Guldo,YEL,SPARKING,231267,228966,2555435,169283,180579,0.1432,0.2464,460233,460233,-0.006409386940187671,1,-0.4441051060982804
 Jeice & Burter,RED,SPARKING,245862,266790,2479816,172012,170312,0.1317,0.2214999999999999,512652,512652,0.7809697335649755,1,-0.3903102624559379
 Captain Ginyu,PUR,SPARKING,251945,243439,2416783,169478,169478,0.1388,0.235,495384,495384,0.5215893056116921,1,-0.3605853045988811
 Goku,YEL,SPARKING,264133,231244,2428983,166961,172012,0.135,0.2314999999999999,495377,495377,0.5214841595035341,1,-0.38786336540008315
 Android #18,RED,SPARKING,228966,237429,2453384,178802,176155,0.1446,0.2314999999999999,466395,466395,0.0861492299840729,1,-0.4347619222546775
Super Saiyan Gohan (Youth),GRN,SPARKING,245868,234731,2644258,171183,171175,0.1253999999999999,0.2171,480599,480599,0.299505704309324,1,-0.4524531849443482
Perfect Form Cell,PUR,SPARKING,264133,261529,2416783,177923,176172,0.1388,0.2327,525662,525662,0.9763912860129843,1,-0.41829650099064236
 Goku Black,RED,SPARKING,245938,264234,2271722,156412,154860,0.1344999999999999,0.2417,510172,510172,0.7437179695318423,1,-0.38858283053863846
 Gohan,RED,SPARKING,242328,239917,2555662,167057,162969,0.1382,0.2317,482245,482245,0.3242300605990567,1,-0.3757719459415301
Power Awakening Piccolo,GRN,SPARKING,261643,253288,2351190,157184,159551,0.1484,0.2542,514931,514931,0.8152023022067135,1,-0.39528961735120893
 Magenta,GRN,SPARKING,253288,233681,2404805,172798,172130,0.1368,0.2477,486969,486969,0.3951886627331377,1,-0.4000810738503285
 Gamma 1 & Gamma 2,YEL,SPARKING,264234,269782,2465685,172130,168754,0.1331,0.2339999999999999,534016,534016,1.1018756556633045,1,-0.4067007824442659
 Android #13,BLU,SPARKING,252021,238741,2465932,167912,167912,0.1365,0.225,490762,490762,0.45216283248219974,1,-0.37224608317004254
Final Form Cooler,GRN,SPARKING,231368,265543,2249128,161359,166236,0.1368,0.2441,496911,496911,0.5445261780627383,1,-0.4084395874341916
Super Saiyan God SS Vegeta,GRN,SPARKING,247174,245957,2478008,160538,160390,0.1383,0.2316,493131,493131,0.4877472796573983,1,-0.35342694955494885
 Ultimate Gohan,YEL,SPARKING,262231,245969,2304656,161351,160398,0.1383,0.2339999999999999,508200,508200,0.714096808776464,1,-0.3711647229854591
 Kyawei,GRN,SPARKING,248410,242316,2465685,162148,161198,0.1441,0.2404,490726,490726,0.4516220810688155,1,-0.3609904727834326
 Kahseral,RED,SPARKING,259647,230217,2429084,170421,167749,0.1383,0.2316,489864,489864,0.438674088892783,1,-0.3822595367844826
 Jiren,YEL,SPARKING,253288,247187,2453485,172798,176963,0.1268999999999999,0.2116,500475,500475,0.5980605679877731,1,-0.4262031658429468
 Goku & Final Form Frieza,PUR,SPARKING,272231,265563,2542700,168729,166083,0.142,0.2441,537794,537794,1.1586245123234564,1,-0.4261037277967256
Super Saiyan 3 & Super Saiyan 2 Goku & Vegeta,BLU,SPARKING,253565,264519,2525373,175029,173300,0.1376,0.2317,518084,518084,0.8625631134956122,1,-0.3834146036333472
 Pui Pui,GRN,SPARKING,246222,253539,2400180,167470,160963,0.1406,0.2417,499761,499761,0.5873356649556533,1,-0.3654224218856401
2nd Form Cell,RED,SPARKING,258030,249793,2448763,165825,166647,0.1383,0.2294,507823,507823,0.708433939808524,1,-0.36408307251271865
Super Saiyan Trunks (Adult),PUR,SPARKING,263196,253565,2448642,165002,165002,0.1356,0.2294,516761,516761,0.8426904990537432,1,-0.3683636450767056
Super Saiyan 2 Trunks (Adult),BLU,SPARKING,242573,240196,2346670,161753,161761,0.1441,0.2442,482769,482769,0.3321009978383155,1,-0.37064312974517394
 Master Roshi,YEL,SPARKING,254820,272785,2487576,161749,162397,0.1301999999999999,0.2148999999999999,527605,527605,1.0055768414631365,1,-0.4277147133714889
Super Saiyan God SS Goku,GRN,SPARKING,265842,267164,2311779,153330,155486,0.1493,0.2376,533006,533006,1.086704574343359,1,-0.421504347017306
Super Saiyan 2 Kefla,PUR,SPARKING,242585,267164,2424288,155626,154707,0.1347,0.2341,509749,509749,0.7373641404245781,1,-0.39450341152250507
 Saiyan in Red,RED,SPARKING,242573,267151,2473362,152570,155633,0.1351,0.2319999999999999,509724,509724,0.736988618609728,1,-0.40067244176715866
 Zahha,BLU,SPARKING,251030,233921,2370360,152570,156401,0.1513,0.252,484951,484951,0.364876541838435,1,-0.39002070098452263
 Giblet,RED,SPARKING,244840,246039,2581566,163879,168830,0.1331,0.2242,490879,490879,0.45392027457569833,1,-0.3921175122337588
Super Saiyan Goku,RED,SPARKING,245010,256727,2485784,162567,160947,0.1293,0.2319999999999999,501737,501737,0.6170169092014077,1,-0.37721589949999484
Super Saiyan Broly: Full Power,BLU,SPARKING,251143,242686,2615285,166377,166385,0.1283,0.2118,493829,493829,0.49823184872801396,1,-0.42755681870192236
 Fusion Zamasu,GRN,SPARKING,263297,240309,2448742,163466,161862,0.1333,0.2239999999999999,503606,503606,0.6450909200796037,1,-0.37970110453903144
 Zamasu,BLU,SPARKING,248671,248683,2589146,168868,165552,0.136,0.2239999999999999,497354,497354,0.5511804246218825,1,-0.38556582620167096
Super Saiyan 2 & Super Saiyan God SS Trunks (Adult) & Vegeta,YEL,SPARKING,248658,265943,2602345,167202,170551,0.1369999999999999,0.2294999999999999,514601,514601,0.8102454142506917,1,-0.4093775479357555
 Android #17,BLU,SPARKING,264607,268827,2600186,168035,168717,0.1406,0.2365,533434,533434,1.0931335078135933,1,-0.4237799025702367
 Super #17,YEL,SPARKING,259509,246287,2424612,157402,161334,0.136,0.2243,505796,505796,0.6779866310604752,1,-0.36632687482734566
 Buu: Super,PUR,SPARKING,238009,245212,2300429,158945,157394,0.1485,0.2662,483221,483221,0.33889043225080584,1,-0.4004354941651955
 Android #17,PUR,SPARKING,238009,239174,2550942,168153,171511,0.1397,0.2322,477183,477183,0.24819440352820193,1,-0.383779632349998
Super Saiyan 4 Goku & Vegeta,GRN,SPARKING,266044,262102,2551070,164382,164374,0.142,0.2299,528146,528146,1.0137031335364934,1,-0.40290089269596313
 Pan,RED,SPARKING,242900,238110,2358758,168245,169920,0.1423,0.2445,481010,481010,0.30567928294546015,1,-0.3797303619932547
 Goku Black,BLU,SPARKING,235746,245313,2394353,153637,158274,0.1488,0.266,481059,481059,0.3064153057025664,1,-0.4013229681319892
 Mecha Frieza,PUR,SPARKING,250096,260900,2300530,165305,167773,0.1348,0.2297,510996,510996,0.7560951685493027,1,-0.37939451055107754
Super Saiyan Trunks (Teen),GRN,SPARKING,263519,256390,2500310,165305,163676,0.1386,0.2496,519909,519909,0.8899762059796719,1,-0.39116041405247143
Final Form Cooler,RED,SPARKING,275802,248860,2461242,166128,161266,0.1335,0.2521,524662,524662,0.961370413418979,1,-0.4251062452694814
 Metal Cooler,BLU,SPARKING,234236,253855,2400482,162878,162878,0.1393,0.2319999999999999,488091,488091,0.4120420817836116,1,-0.3654056078475191
Power Awakening Piccolo,PUR,SPARKING,251358,262229,2448944,166120,164499,0.1309,0.2231,513587,513587,0.7950142494403704,1,-0.3752588979197643
Beast Gohan,BLU,SPARKING,264936,264923,2563828,170029,170021,0.136,0.2496999999999999,529859,529859,1.0394338882900245,1,-0.42450985876099123
Perfect Form Cell,YEL,SPARKING,241783,237041,2400583,165406,163786,0.1459,0.2344,478824,478824,0.27284365545496464,1,-0.37461896152916946
 Tien,BLU,SPARKING,229753,264923,2412397,162955,164576,0.1372,0.237,494676,494676,0.5109545278151364,1,-0.3845117426364744
Ultimate Gohan Absorbed Buu: Super,RED,SPARKING,247743,244202,2436991,159938,158371,0.1392,0.2512,491945,491945,0.46993252476090797,1,-0.36922142487810006
 Majin Vegeta,PUR,SPARKING,240600,249075,2551144,162963,162955,0.1372,0.24,489675,489675,0.435835143972516,1,-0.3767413022415351
Hero Tapion,YEL,SPARKING,254070,238312,2358960,164685,164693,0.1374,0.2422,492382,492382,0.4764966460844883,1,-0.36481274169354533
Super Saiyan 3 Goku,GRN,SPARKING,268992,251547,2449391,163072,159871,0.1452999999999999,0.2423,520539,520539,0.8994393557138952,1,-0.3886303605738587
 Tien,GRN,SPARKING,240701,265037,2323836,154603,159892,0.1339,0.2369,505738,505738,0.6771154204500229,1,-0.3884496362755917
 Krillin,YEL,SPARKING,240701,237142,2400684,166773,169936,0.1365,0.2392,477843,477843,0.25810817944024544,1,-0.3740214174898009
 Goku,PUR,SPARKING,257860,244308,2323953,163056,162097,0.1376,0.2221999999999999,502168,502168,0.6234909052894241,1,-0.37118785253139336
Super Saiyan Vegeta,BLU,SPARKING,256579,245515,2323836,161452,162105,0.1376,0.2346,502094,502094,0.6223793607174677,1,-0.3619115757326196
Ultra Instinct Goku,RED,SPARKING,271664,266353,2500637,163056,160510,0.1426,0.2447,538017,538017,1.1619741669119197,1,-0.4190357899688519
 Gamma 2,BLU,SPARKING,270650,239573,2437334,163940,163932,0.1336999999999999,0.2218,510223,510223,0.7444840340341367,1,-0.3942058181544954
 Gamma 1,GRN,SPARKING,245470,259897,2461812,163932,165561,0.1336999999999999,0.2218,505367,505367,0.671542676717647,1,-0.37115807373889503
Super Saiyan Gogeta,PUR,SPARKING,254158,254158,2498812,157007,156239,0.1338,0.23,508316,508316,0.7158392299973686,1,-0.3692951956799715
 Android #17 & Android #18,RED,SPARKING,250469,261275,2513419,170278,171120,0.1338,0.2296,511744,511744,0.7673307812496186,1,-0.37621960103997404
Super Saiyan Trunks (Teen),YEL,SPARKING,255490,252979,2312498,163218,164025,0.1375,0.2296,508469,508469,0.7181374235042514,1,-0.3690036024303603
 Whis,PUR,SPARKING,234978,246649,2437313,161593,160815,0.1456,0.2544,481627,481627,0.31494716133596146,1,-0.38545644841671534
 Golden Frieza,GRN,SPARKING,258038,259991,2323994,162420,159869,0.134,0.2241,518029,518029,0.8617369655029419,1,-0.38040250318209107
Super Saiyan God SS Vegeta,BLU,SPARKING,243246,259053,2312615,159397,153990,0.1441,0.2371,502299,502299,0.6254586395992388,1,-0.379892752792472
Super Saiyan God SS Goku,RED,SPARKING,237409,237962,2437414,161694,162504,0.1478,0.242,475371,475371,0.22097658238786436,1,-0.3771864233218865
God of Destruction Beerus,BLU,SPARKING,258808,236244,2413181,155611,158557,0.1485,0.2468,495052,495052,0.5166023759104824,1,-0.3832980592496919
 Jiren: Full Power,PUR,SPARKING,267945,262712,2365199,165747,161550,0.1303,0.2198,530657,530657,1.0514205446200406,1,-0.41295644325262826
 Android #18,GRN,SPARKING,249352,238586,2389069,161718,164952,0.1425,0.2343,487938,487938,0.4097438882767288,1,-0.36079673619681635
Final Form Frieza,BLU,SPARKING,250582,261376,2289609,158722,160297,0.1389,0.2334,511958,511958,0.7705452479847358,1,-0.3730626091685073
Kaioken Goku,GRN,SPARKING,265312,244578,2312716,162504,164117,0.1375,0.2299,509890,509890,0.7394820834603328,1,-0.3783323791545219
 Bardock,YEL,SPARKING,256890,256890,2460095,163013,162207,0.1384999999999999,0.2301,513780,513780,0.7979132778510134,1,-0.36312453235217435
1st Form Frieza,GRN,SPARKING,254946,240258,2411262,160602,159005,0.1422,0.2401,495204,495204,0.5188855485447712,1,-0.36052353783651586
 Zamasu: Goku Black (Assist),GRN,SPARKING,235491,237880,2664962,158989,160586,0.1436,0.2437,473371,473371,0.1909348371998538,1,-0.4179040836069428
Super Saiyan Trunks (Adult),BLU,SPARKING,271622,251174,2435374,165482,163836,0.133,0.2255,522796,522796,0.9333414651585651,1,-0.3923699644518357
 Broly,GRN,SPARKING,270392,229431,2460196,161501,162308,0.1358,0.2279,499823,499823,0.5882669590564816,1,-0.392077310098412
Super Saiyan God SS Goku & Vegeta,PUR,SPARKING,256991,256991,2484796,163114,162308,0.1358,0.2302,513982,513982,0.8009474941150025,1,-0.3646544967382921
Super Saiyan Rosé Goku Black,YEL,SPARKING,251250,237969,2460074,153794,155337,0.1496,0.2378,489219,489219,0.4289856260696496,1,-0.3763338556790441
Fused with Nail Piccolo,RED,SPARKING,263495,240359,2484672,162308,159106,0.1358,0.2256,503854,503854,0.6488160964829169,1,-0.3788666782139673
Super Saiyan Goku,YEL,SPARKING,251275,240347,2472435,166053,166045,0.1358,0.2279,491622,491622,0.4650807829130443,1,-0.36103400983078937
 Gohan (Kid): Piccolo (Assist),GRN,SPARKING,250001,255700,2366842,159275,156125,0.1402999999999999,0.239,505701,505701,0.6765596481640447,1,-0.3648234153377751
 Vegeta,RED,SPARKING,262266,238046,2482314,160788,159191,0.1476,0.2391,500312,500312,0.5956121657549502,1,-0.3822117964320821
 Perfect Cell,PUR,SPARKING,263670,251452,2486914,162526,162518,0.136,0.2304,515122,515122,0.8180712888721685,1,-0.37225795305941867
Super Saiyan 2 Caulifla: Kale (Assist),YEL,SPARKING,251465,250222,2435798,149445,149306,0.1426,0.2428,501687,501687,0.6162658655717075,1,-0.37785838376534187
God of Destruction Toppo,GRN,SPARKING,236976,265013,2524652,160106,163975,0.1305,0.2214999999999999,501989,501989,0.6208021690950971,1,-0.3987840442041478
Super Saiyan God SS Evolved Vegeta,YEL,SPARKING,255249,261070,2512030,157711,159934,0.1375,0.235,516319,516319,0.8360512733671929,1,-0.37349078392887014
Legendary Super Saiyan Broly,PUR,SPARKING,255249,240561,2411565,151703,148714,0.1461,0.2504,495810,495810,0.5279881973367384,1,-0.38406304073039793
 Majuub,YEL,SPARKING,246505,246493,2435677,159300,165776,0.1373,0.2341,492998,492998,0.48574950360239555,1,-0.35838629023027846
Super Saiyan 3 Goku,BLU,SPARKING,248979,233440,2334441,157719,164945,0.1438,0.2455,482419,482419,0.3268436924304136,1,-0.37898918395322256
Final Form Frieza: Full Power,YEL,SPARKING,250405,262569,2411526,157308,158883,0.1397,0.2384,512974,512974,0.7858064545402452,1,-0.3662845918940916
Super Saiyan Trunks (Teen),GRN,SPARKING,252928,243164,2387655,161107,162720,0.1349,0.2329,496092,496092,0.5322240834082479,1,-0.3608736499910676
 Boujack,RED,SPARKING,237202,237178,2550096,158711,163535,0.1369,0.2364,474380,474380,0.20609089764720512,1,-0.3776936699051656
Super Saiyan Gohan (Youth),PUR,SPARKING,263899,243164,2411767,157324,157316,0.1299,0.2282999999999999,507063,507063,0.6970180766370799,1,-0.38061639384572343
Super Saiyan Trunks (Kid),GRN,SPARKING,239311,260333,2327084,168131,168140,0.1361,0.2348,499644,499644,0.5855782228621547,1,-0.38086248303608533
 Gohan (Kid),BLU,SPARKING,244133,266259,2371734,162355,163980,0.135,0.2299,510392,510392,0.7470225615025236,1,-0.37668370451369165
Super Saiyan God SS Goku,PUR,SPARKING,249269,246796,2460578,149751,149751,0.1412,0.2307,496065,496065,0.5318185198482098,1,-0.37797053929251406
Super Saiyan God Goku,GRN,SPARKING,246796,227644,2458143,151257,156614,0.1444,0.248,474440,474440,0.20699215000284543,1,-0.38680692218069596
Super Saiyan 3 Goku,YEL,SPARKING,251780,232228,2448217,159603,162805,0.1362,0.2286,484008,484008,0.350711858982288,1,-0.36352651199993746
Super Saiyan 2 Goku,BLU,SPARKING,227667,232228,2411747,161990,159603,0.1477,0.2534,459895,459895,-0.011486441876961458,1,-0.393821694977015
Super Saiyan Goku,YEL,SPARKING,240864,249257,2411868,140874,146595,0.1499,0.256,490121,490121,0.44253445314944234,1,-0.42675703885871313
 Goku,RED,SPARKING,254278,237256,2275996,155850,152770,0.1444,0.2382999999999999,491534,491534,0.4637589461247718,1,-0.3694534462930306
Super Saiyan 2 Kefla,RED,SPARKING,258202,253136,2487318,155943,153493,0.1315,0.2330999999999999,511338,511338,0.7612323069764525,1,-0.38170326837391905
Super Saiyan God SS Vegito,PUR,SPARKING,246897,249370,2460680,157336,163724,0.1378,0.2366,496267,496267,0.5348527361121989,1,-0.3579627731886896
Half-Corrupted Fusion Zamasu,RED,SPARKING,272329,249395,2436080,151350,149860,0.1429,0.2432,521724,521724,0.9172390897377914,1,-0.40869692670948377
Super Saiyan 4 Gogeta,GRN,SPARKING,260177,249358,2460680,165000,166651,0.1377,0.2345,509535,509535,0.7341496736894609,1,-0.3662296077600008
 Android #17,YEL,SPARKING,261468,239752,2436081,159704,161949,0.1329,0.2330999999999999,501220,501220,0.6092511180703071,1,-0.36979442912028215
 Android #18,BLU,SPARKING,249471,248228,2448419,161410,162050,0.133,0.2332,497699,497699,0.5563626256668144,1,-0.3583361929869784
Super Saiyan 4 Goku,YEL,SPARKING,261569,251957,2460780,154508,156052,0.1427999999999999,0.2311,513526,513526,0.7940979762121361,1,-0.37731194021137193
Super Saiyan God SS Goku,BLU,SPARKING,244674,228986,2370132,157433,160595,0.1487,0.2498999999999999,473660,473660,0.19527586937952132,1,-0.38517327850895783
 Trunks: Mai (Assist),RED,SPARKING,246998,246998,2358167,159186,156835,0.143,0.2409,493996,493996,0.5007403344512128,1,-0.3626024715442981
Super Saiyan Rosé Goku Black,PUR,SPARKING,260265,251969,2510348,154501,155276,0.143,0.2385,512234,512234,0.7746910088206812,1,-0.37706738348836
 Demon King Piccolo (Aged),PUR,SPARKING,233968,251969,2405788,158391,157611,0.1353,0.2282999999999999,485937,485937,0.3796871222161242,1,-0.3623054891051625
Super Saiyan Broly,YEL,SPARKING,262986,249585,2436526,153081,155373,0.1408,0.2332999999999999,512571,512571,0.779753042884861,1,-0.37581134236890995
 Bulma (Youth),PUR,SPARKING,221518,241155,2163997,158317,159898,0.1531,0.2612,462673,462673,0.03024154218918523,1,-0.43497429368992013
 Vegeta,YEL,SPARKING,227970,231368,2436404,154602,156145,0.1531,0.2639,459338,459338,-0.019853067911822404,1,-0.41244391430016586
 Buu: Kid,BLU,SPARKING,248336,268265,2436283,161495,161503,0.1328,0.2289,516601,516601,0.8402871594387024,1,-0.37875044594998114
Super Saiyan Gohan,YEL,SPARKING,252058,238777,2512385,171903,168528,0.1339,0.2321,490835,490835,0.4532593561815621,1,-0.37724822957926113
 Goku,PUR,SPARKING,229110,229110,2652744,162309,162309,0.1424,0.2496999999999999,458220,458220,-0.036646403471920316,1,-0.43004076135643404
 Vegeta,RED,SPARKING,236399,255855,2358268,141177,145446,0.138,0.2355999999999999,492254,492254,0.47457397439245563,1,-0.395685535506349
Final Form Frieza,RED,SPARKING,242438,254695,2412031,161612,160015,0.1381,0.2311,497133,497133,0.5478608117786075,1,-0.3563818441590983
Super Saiyan Broly: Full Power,BLU,SPARKING,264377,252184,2537853,161596,158426,0.133,0.2334,516561,516561,0.8396863245349422,1,-0.39005280178577784
Ultra Instinct -Sign- Goku,PUR,SPARKING,279502,271301,2288700,145547,142694,0.1482,0.2573999999999999,550803,550803,1.3540310438988712,1,-0.5029718099591687
 Metal Cooler,GRN,SPARKING,245963,248437,2346642,157034,157034,0.1505,0.2322,494400,494400,0.506808766979191,1,-0.380434993165094
Super Saiyan Vegeta,PUR,SPARKING,236590,230441,2523136,163762,163770,0.1396,0.2335,467031,467031,0.09570250495386028,1,-0.3755268797662562
 Goku Black,GRN,SPARKING,246165,253635,2498268,155676,157236,0.1477,0.2301,499800,499800,0.5879214789868196,1,-0.3837864927813829
 Great Saiyaman 1 & 2 (Assist),RED,SPARKING,249875,226003,2335116,156456,153384,0.1574,0.2664999999999999,475878,475878,0.22859216479302505,1,-0.45876251336221774
 Vegeta,BLU,SPARKING,241559,230643,2388463,163512,161100,0.1369999999999999,0.236,472202,472202,0.17337543713746162,1,-0.36347701720281955
Perfect Form Cell,RED,SPARKING,241547,239157,2090082,92369,93278,0.1508,0.2514,480704,480704,0.30108289593169457,1,-0.5991960845439772
 Trunks (Kid),GRN,SPARKING,241559,236426,2189432,152720,151215,0.1343,0.2337,477985,477985,0.26024114334859416,1,-0.382229738604749
 Goten (Kid),YEL,SPARKING,245179,221921,2266127,161282,155021,0.1343,0.2337,467100,467100,0.09673894516284663,1,-0.3693851966150934
 Dyspo,RED,SPARKING,243972,245066,2211645,144427,144420,0.159,0.264,489038,489038,0.4262668481301346,1,-0.4904008234624501
 Toppo,BLU,SPARKING,241559,231795,2436564,157155,163520,0.1384,0.2337,473354,473354,0.1906794823657557,1,-0.3643062285507767
 Jiren,GRN,SPARKING,275677,226115,2388463,159683,155005,0.136,0.2214,501792,501792,0.6178430571940781,1,-0.4068591419010358
Super Saiyan Goku,GRN,SPARKING,245042,230643,2175325,160302,165955,0.1485999999999999,0.2489,475685,475685,0.22569313638238203,1,-0.4167346156991284
 Turles,YEL,SPARKING,227334,253837,2347046,158039,159620,0.1406,0.2373,481171,481171,0.30809764343309504,1,-0.3652664555901515
 Hit,PUR,SPARKING,269003,240453,2358773,145236,149621,0.1472,0.2515,509456,509456,0.7329630247545346,1,-0.41828122520322814
Wasteland Bandit Yamcha,GRN,SPARKING,264908,219940,2289205,162101,160504,0.1487,0.2566,484848,484848,0.36332939196125247,1,-0.41693380961068754
Gotenks Absorbed Buu: Super,BLU,SPARKING,224081,253938,2256610,155223,158334,0.1502,0.2416,478019,478019,0.2607518530167904,1,-0.39856718000010377
 Gohan (Adult),BLU,SPARKING,234301,239371,2312312,152930,149926,0.1386,0.2316,473672,473672,0.19545611985064937,1,-0.3631101525740766
Super Full Power Saiyan 4 Goku,GRN,SPARKING,242967,257114,2347381,161318,161302,0.1444,0.2351,500081,500081,0.592142344185735,1,-0.3691281974791883
 Omega Shenron,RED,SPARKING,249042,246594,2473950,156096,159199,0.1394,0.2328,495636,495636,0.5253745655053815,1,-0.35642681112254326
 Fusion Zamasu,PUR,SPARKING,237106,261099,2511156,157624,156852,0.1387,0.2294,498205,498205,0.5639631871993811,1,-0.3757700702521975
Super Saiyan Trunks (Adult) (Rage),YEL,SPARKING,220019,250292,2550952,167097,163831,0.1346,0.2294,470311,470311,0.14497096706219761,1,-0.39328491238336366
Super Saiyan God SS Vegito,BLU,SPARKING,269191,252777,2486187,156852,156860,0.1424,0.2429,521968,521968,0.9209041826507287,1,-0.3870658622573312
Super Saiyan God SS Vegeta,PUR,SPARKING,224160,256562,2511156,155308,158419,0.1373,0.2294,480722,480722,0.30135327163838665,1,-0.3819750776262646
Super Saiyan God SS Goku,RED,SPARKING,247806,218933,2486311,160605,165444,0.1373,0.2317,466739,466739,0.09131641015641073,1,-0.3735344138246703
Super Saiyan Gotenks,RED,SPARKING,240746,229870,2266430,160834,153074,0.1347,0.2375,470616,470616,0.14955233320336922,1,-0.3696010072845666
 Pikkon,RED,SPARKING,211571,245583,2359076,143401,149172,0.1475,0.2568,457154,457154,-0.05265865365712995,1,-0.42140591642500247
Super Kaioken Goku,GRN,SPARKING,240756,252891,2461689,146254,144817,0.1489,0.2518,493647,493647,0.495498049915905,1,-0.4215210611416307
 Vegito,YEL,SPARKING,238457,254198,2335621,150900,147955,0.1348,0.2376,492655,492655,0.4805973443026517,1,-0.37324975486566364
 Bardock,RED,SPARKING,239634,232264,2461689,149424,149417,0.1361,0.2318,471898,471898,0.16880909186888401,1,-0.38295401948942753
1st Form Frieza,PUR,SPARKING,218115,242137,2323994,155573,155573,0.1519,0.2632,460252,460252,-0.006123990360901571,1,-0.41530152555693695
 Lavender,PUR,SPARKING,240857,244347,2324226,148540,147088,0.1528,0.2506,485204,485204,0.36867682260471835,1,-0.41690968206797424
 Bergamo,RED,SPARKING,240857,244477,2413080,162420,164016,0.1375,0.2319,485334,485334,0.37062953604193904,1,-0.35774983987509956
 Basil,BLU,SPARKING,255490,238491,2335838,144918,144925,0.152,0.2519,493981,493981,0.5005150213623027,1,-0.42819567426628136
 Android #21: Good,GRN,SPARKING,237320,253622,2437435,155526,158629,0.1424,0.2389,490942,490942,0.4548665895491207,1,-0.36800570198851645
 Android #21,RED,SPARKING,225480,250481,2461790,157070,158629,0.1505,0.2519,475961,475961,0.22983889721832748,1,-0.4033904984063312
 Android #21: Evil,PUR,SPARKING,246852,218115,2437313,151024,152522,0.1325,0.2219,464967,464967,0.06469942391983335,1,-0.3888097709209404
 Android #21,BLU,SPARKING,225565,214905,2212150,156341,156349,0.1426,0.2504,440470,440470,-0.30326689201551416,1,-0.39669944208810176
 Baby Vegeta,GRN,SPARKING,221391,233860,2437435,154805,154789,0.1534,0.2671,455251,455251,-0.08124337420352201,1,-0.43465478023913157
1st Form Cell,GRN,SPARKING,226779,239836,2401064,145077,149426,0.1455,0.2557,466615,466615,0.08945382195475407,1,-0.40079145278106915
Super Saiyan Trunks (Teen),RED,SPARKING,254400,222584,2289494,157994,159562,0.1372,0.2396,476984,476984,0.24520524988199488,1,-0.3731748387447738
Super Saiyan 2 Kefla,GRN,SPARKING,269344,238659,2312716,149626,146696,0.139,0.2343,508003,508003,0.7111376968754449,1,-0.40319747482454776
 Super Baby 2,BLU,SPARKING,217157,227902,2437292,161759,164978,0.1384999999999999,0.2455999999999999,445059,445059,-0.23433610768162388,1,-0.39601554370782116
 Super Janemba,RED,SPARKING,244006,216521,2369289,159256,160845,0.1467999999999999,0.249,460527,460527,-0.0019932503975501168,1,-0.3945619138401335
 Super Gogeta,GRN,SPARKING,236942,247711,2334106,154710,150146,0.1373,0.2463,484653,484653,0.3604003218054214,1,-0.3782197798094126
Super Saiyan Vegeta,BLU,SPARKING,215006,254400,2312716,151863,155658,0.134,0.2287,469406,469406,0.1313770773646228,1,-0.38213478282890334
Super Saiyan God Goku,PUR,SPARKING,223725,230536,2459972,155112,158243,0.1378,0.2324,454261,454261,-0.09611403807158725,1,-0.3666128532692199
Super Saiyan God SS Gogeta,YEL,SPARKING,272979,267589,2459972,157416,157408,0.142,0.2324,540568,540568,1.2002924128992272,1,-0.4181971882511609
Kakarot Goku,RED,SPARKING,238018,219674,2460074,153080,154617,0.1394999999999999,0.2378,457692,457692,-0.0445774242015551,1,-0.37326459493002434
 Broly: Cheelai (Assist),BLU,SPARKING,246342,241622,2484672,151551,153073,0.1359,0.2402,487964,487964,0.41013443096417296,1,-0.3751300785194485
Hero Tapion,RED,SPARKING,246430,207986,2334239,155425,150845,0.1547,0.2514,454416,454416,-0.09378580281951643,1,-0.42426262151543387
 Eis Shenron,BLU,SPARKING,245079,258281,2345733,154581,160865,0.1364,0.2416,503360,503360,0.6413957854214783,1,-0.3680235598952877
 Syn Shenron,YEL,SPARKING,238018,236841,2435475,161563,163168,0.1332,0.2279,474859,474859,0.21328589561973366,1,-0.3691971251052274
 Nuova Shenron,YEL,SPARKING,256991,230930,2357579,160711,164744,0.145,0.2404,487921,487921,0.4094885334426307,1,-0.37752321446770026
Super Saiyan 4 Vegeta,RED,SPARKING,229502,258354,2210433,156169,153073,0.1344999999999999,0.2325,487856,487856,0.40851217672402035,1,-0.3847195179384669
Super Saiyan 4 Goku,PUR,SPARKING,250084,216399,2334121,154617,156169,0.1416,0.2527,466483,466483,0.08747106677234537,1,-0.39341811628594886
Final Form Frieza,RED,SPARKING,233482,218729,2311114,152448,150181,0.1333,0.2246,452211,452211,-0.12690682688929808,1,-0.3835775183225259
 Cooler,PUR,SPARKING,212284,201685,2411464,156141,161686,0.136,0.2361,413969,413969,-0.7013350366292482,1,-0.4160813173532358
Super Saiyan God SS Vegeta,GRN,SPARKING,246519,235838,2411464,155526,156306,0.1431,0.249,482357,482357,0.3259123983295853,1,-0.36639137861229076
Super Saiyan Rosé Goku Black,RED,SPARKING,242856,239388,2472536,147944,149435,0.1438,0.2478,482244,482244,0.3242150397264627,1,-0.39592309013473287
 Buu: Kid,GRN,SPARKING,247730,242962,2411565,158673,155547,0.1423,0.2382,490692,490692,0.45111137140061935,1,-0.35790312171510996
Ultimate Gohan Absorbed Buu: Super,PUR,SPARKING,217721,245642,2363820,154070,155630,0.138,0.2318,463363,463363,0.04060594427904888,1,-0.3690403333753213
 Raditz,GRN,SPARKING,222071,242888,2334441,154819,151753,0.1498,0.2478999999999999,464959,464959,0.06457925693908131,1,-0.3992124440069609
 Gohan,GRN,SPARKING,214516,244182,2311100,143491,146382,0.139,0.2416,458698,458698,-0.029466426371985786,1,-0.3924477604296568
 Vegeta,BLU,SPARKING,231252,219928,2277948,139255,142067,0.131,0.2214999999999999,451180,451180,-0.14239334653371755,1,-0.39882602878901025
 Full Power Boujack,PUR,SPARKING,258616,235927,2435677,152561,152569,0.131,0.2214999999999999,494543,494543,0.5089567517601338,1,-0.3853476472752335
 Bardock,YEL,SPARKING,238282,238294,2497359,151039,149541,0.1361,0.2292,476576,476576,0.23907673386364073,1,-0.3814290121596439
God of Destruction Champa,YEL,SPARKING,233190,259900,2387554,155640,152576,0.144,0.2351,493090,493090,0.487131423881044,1,-0.38682110475594655
 Piccolo,YEL,SPARKING,215642,227511,2357763,161842,160252,0.1398,0.2380999999999999,443153,443153,-0.26296589084579797,1,-0.3834099312770833
 Goku,BLU,SPARKING,230940,224140,2311201,161842,159442,0.1362,0.2305,455080,455080,-0.08381194341709691,1,-0.3714923963407263
Super Saiyan 3 Goku,GRN,SPARKING,236040,265251,2265445,157901,157909,0.1433,0.2375,501291,501291,0.6103176000244814,1,-0.3987524870520217
Goku Captain Ginyu,RED,SPARKING,238496,210196,2311302,139457,143686,0.1286999999999999,0.2228,448692,448692,-0.1797652775476027,1,-0.4080109094212231
Bunny Girl Bulma (Youth),GRN,SPARKING,215905,213753,2200051,140256,145951,0.1294,0.248,429658,429658,-0.4656725665018993,1,-0.4171433511002914
 Android #18,RED,SPARKING,210589,236218,2288410,162090,161291,0.1435,0.257,446807,446807,-0.20807962238730265,1,-0.40889675294075717
 Goku,GRN,SPARKING,233886,238597,2460701,158894,159685,0.135,0.2294999999999999,472483,472483,0.1775963023363771,1,-0.3705560252604295
 Fusion Android #13,RED,SPARKING,245686,231566,2334744,159701,156545,0.1442,0.2443,477252,477252,0.24923084373718832,1,-0.37076639258938987
 Super #17,GRN,SPARKING,215985,242161,2311735,159802,159794,0.1465,0.2545,458146,458146,-0.03775794804387671,1,-0.3950999687497443
 Goku,RED,SPARKING,238710,221162,2448563,158212,161384,0.1338,0.2342,459872,459872,-0.01183192194662358,1,-0.3698957247645638
Super Saiyan Gohan (Youth),YEL,SPARKING,236319,217082,2288397,159794,159802,0.1338,0.2354,453401,453401,-0.10903198850243179,1,-0.3789522898063636
 Hit,YEL,SPARKING,261729,211825,2323216,138004,142187,0.143,0.2509,473554,473554,0.19368365688455674,1,-0.44681763742688646
Super Saiyan God SS Goku,YEL,SPARKING,241190,212890,2370132,138690,140075,0.1423,0.2471999999999999,454080,454080,-0.0988328160111022,1,-0.42714686459129086
 Vados,GRN,SPARKING,238777,227970,2388059,141177,146165,0.1563,0.2716,466747,466747,0.09143657713716277,1,-0.48728409193155037
 Android #15,PUR,SPARKING,212980,212991,2311706,153175,153175,0.1555,0.2648999999999999,425971,425971,-0.5210545237559968,1,-0.47305540928637296
 Android #14,GRN,SPARKING,246090,181304,2436627,153268,151754,0.1344,0.2244,427394,427394,-0.4996798220547273,1,-0.44768741923520333
 Android #13,BLU,SPARKING,219284,248564,2335030,146559,150989,0.1368,0.2369,467848,467848,0.1079745578631626,1,-0.37722517881567086
 Trunks (Teen),PUR,SPARKING,251039,206572,2288700,140283,137534,0.139,0.2423,457611,457611,-0.04579411488166953,1,-0.4292870804576448
 Buu: Kid,RED,SPARKING,243664,217364,2388399,157894,154797,0.1368,0.2299,461028,461028,0.005532206772046532,1,-0.3743483002016553
 Super Vegito,PUR,SPARKING,247440,219638,2412373,149591,146660,0.149,0.2562,467078,467078,0.09640848596577851,1,-0.420960814341778
 Goku,BLU,SPARKING,218663,251266,2277634,143681,145119,0.1336,0.2336,469929,469929,0.13923299373128759,1,-0.3872194063597339
Final Form Frieza: Full Power,YEL,SPARKING,228401,230660,2424348,158717,163511,0.1316,0.2301,459061,459061,-0.024013849620361866,1,-0.37530413318471917
 Golden Frieza,GRN,SPARKING,239191,252503,2266253,147298,142983,0.1356,0.2289999999999999,491694,491694,0.46616228573981267,1,-0.38429051283959054
Super Saiyan God SS Vegeta,PUR,SPARKING,247541,226119,2312240,142969,142969,0.139,0.2324,473660,473660,0.19527586937952132,1,-0.3860457179654613
Super Saiyan God SS Goku,BLU,SPARKING,234593,239304,2312225,153544,146855,0.1384,0.228,473897,473897,0.19883581618430057,1,-0.37208212824129616
Ultimate Gohan Absorbed Buu: Super,GRN,SPARKING,242779,219851,2388702,149801,149808,0.1457,0.2462,462630,462630,0.029595644667643,1,-0.3936073580934417
Fused with Kami Piccolo,YEL,SPARKING,206874,239304,2111180,145946,148859,0.1435,0.2428,446178,446178,-0.21752775124893198,1,-0.4324831655852068
 Metal Cooler,RED,SPARKING,215616,219952,2436788,146963,148425,0.1458,0.254,435568,435568,-0.3768992094713281,1,-0.41770986595949844
Legendary Super Saiyan Broly,GRN,SPARKING,229811,215727,2437132,159020,155895,0.1437,0.2428,445538,445538,-0.22714110970909537,1,-0.38542530384665996
Super Saiyan Goku,YEL,SPARKING,215717,215738,2335535,156059,153773,0.1508,0.2628999999999999,431455,431455,-0.4386800584504718,1,-0.42646191378921483
Super Saiyan Gohan (Teen),BLU,SPARKING,234795,221140,2412656,157453,162199,0.1394999999999999,0.2452,455935,455935,-0.0709690973492224,1,-0.3782164732949333
Super Saiyan Goten (Kid),PUR,SPARKING,234783,250319,2335419,147064,151494,0.1379,0.2304,485102,485102,0.3671446936001298,1,-0.3700003545004204
Taitans Yamcha,PUR,SPARKING,194436,190611,2389005,117146,120662,0.151,0.2696,385047,385047,-1.1357687137930692,1,-0.5939720875749273
 Buu: Super,PUR,SPARKING,249170,252919,2168181,147687,143387,0.1248,0.2127,502089,502089,0.6223042563544976,1,-0.45049131755514354
Super Saiyan 3 Gotenks,YEL,SPARKING,236068,216894,2080097,164730,161502,0.1452,0.2417,452962,452962,-0.11562615157120011,1,-0.43333506093914187
 Hyper Meta-Rilldo,RED,SPARKING,251771,215929,2190165,153210,153202,0.1286,0.2185,467700,467700,0.1057514687192498,1,-0.41364076189016774
 Gotenks,GRN,SPARKING,218193,196556,2244209,147897,143582,0.1319,0.223,414749,414749,-0.6896187560059241,1,-0.4264780659044632
 Gogeta,BLU,SPARKING,226736,239809,2234476,143582,143575,0.1311999999999999,0.2241,466545,466545,0.0884023608731737,1,-0.39098462619065283
Super Saiyan 2 Gohan (Youth),RED,SPARKING,234724,253121,2341700,153311,151804,0.1322,0.2285,487845,487845,0.4083469471254863,1,-0.37235064673951296
 Perfect Cell,YEL,SPARKING,248248,226826,2301104,145114,146552,0.1363,0.2330999999999999,475074,475074,0.2165153832274448,1,-0.3820032027124682
Super Namekian Lord Slug,BLU,SPARKING,237542,214022,2359396,143676,142274,0.1295,0.213,451564,451564,-0.13662533145761951,1,-0.4151648180007456
Super Saiyan 2 Vegeta,PUR,SPARKING,214001,226826,2212472,140871,145812,0.1441,0.248,440827,440827,-0.29790444049945425,1,-0.4157221747797167
Super Saiyan 3 Goku,RED,SPARKING,229108,250723,2190367,137178,133183,0.1239,0.2141,479831,479831,0.28796967415712793,1,-0.45507989685223965
 Ultimate Gohan,GRN,SPARKING,248804,220723,2242392,139281,137896,0.1256,0.2448999999999999,469527,469527,0.13319460294849747,1,-0.45173854271587266
Super Saiyan God Vegeta,YEL,SPARKING,245162,200529,2232658,135864,133176,0.134,0.2437,445691,445691,-0.22484291620221256,1,-0.4604489256347998
 Great Saiyaman 2,RED,SPARKING,242679,213169,2322409,142469,145345,0.1401,0.2448999999999999,455848,455848,-0.07227591326490085,1,-0.4030511664541907
 Great Saiyaman 1,PUR,SPARKING,216375,237991,2166565,153007,148488,0.1304,0.2324,454366,454366,-0.09453684644921669,1,-0.3917507422749319
 Rozie,YEL,SPARKING,216466,234553,2210543,148589,148596,0.1459,0.2489,451019,451019,-0.14481170702135238,1,-0.4054117909161885
 Kakunsa,PUR,SPARKING,253917,207986,2288020,153888,152359,0.1444,0.2289999999999999,461903,461903,0.01867547029180116,1,-0.3987870924595474
 Launch,RED,SPARKING,246392,260963,2435697,153895,158572,0.1525,0.2628999999999999,507355,507355,0.7014041714345295,1,-0.4217277511669426
 Videl,YEL,SPARKING,233567,201738,2177654,141997,144859,0.134,0.2373,435305,435305,-0.3808496989635515,1,-0.4117505196148703
 Bulma (Youth),BLU,SPARKING,191136,227439,2120671,134047,138127,0.1488,0.2655,418575,418575,-0.6321488974612599,1,-0.5127447449609163
 Chi-Chi,GRN,SPARKING,221828,225168,2131273,134722,137431,0.1424,0.2415,446996,446996,-0.20524067746703564,1,-0.4397416545030288
 Ribrianne,BLU,SPARKING,246620,217754,2460152,149541,154098,0.1361,0.2292,464374,464374,0.055792046471588225,1,-0.3848573457448669
Super Saiyan 2 Caulifla,PUR,SPARKING,252916,211381,2188752,146618,143716,0.1273,0.2146,464297,464297,0.054635439281849815,1,-0.43539769205862316
 Trunks (Youth),BLU,SPARKING,192292,145791,1928429,127091,129648,0.1132,0.1778,338083,338083,-1.8412089742979334,1,-0.5485472294882959
Final Form Cooler,BLU,SPARKING,244399,225429,2188634,139429,140833,0.1318,0.226,469828,469828,0.13771588559929307,1,-0.4183275997606778
 Boujack,YEL,SPARKING,211532,232635,2346036,145299,146761,0.1318,0.2227,444167,444167,-0.2477347260354766,1,-0.4004952881687393
God of Destruction Beerus,GRN,SPARKING,208503,239703,2323045,138123,136747,0.1293,0.2147,448206,448206,-0.18706542162828926,1,-0.4337380994171945
Super Saiyan God Goku,RED,SPARKING,225882,215898,2334542,136066,140195,0.1311,0.2227,441780,441780,-0.2835895489173672,1,-0.4067792897153306
Super Saiyan Broly,PUR,SPARKING,211734,238608,2436122,138912,136167,0.1478,0.2556,450342,450342,-0.15498083776749397,1,-0.4621023606392158
 Nappa,BLU,SPARKING,262582,217822,2586162,162704,161091,0.1414,0.2357999999999999,480404,480404,0.29657663415349295,1,-0.4197369990013463
 Nappa (Young),PUR,SPARKING,214718,216870,2311302,149743,152763,0.1383,0.2339999999999999,431588,431588,-0.43668228239546913,1,-0.3899970867300066
 Goku,PUR,SPARKING,199283,230660,2334626,151490,149258,0.1251,0.2117,429943,429943,-0.4613916178126078,1,-0.44866561418630563
Super Saiyan Gohan (Teen),GRN,SPARKING,236230,219133,2288296,149094,150585,0.1442,0.2294999999999999,455363,455363,-0.07956103647299342,1,-0.389636528459761
 Chilled,PUR,SPARKING,203507,201491,2265849,142024,140619,0.1487,0.2609,404998,404998,-0.8360872846700697,1,-0.4555975561364513
Super Saiyan Bardock,BLU,SPARKING,241315,218215,2132092,139903,142009,0.1301999999999999,0.222,459530,459530,-0.01696906037377339,1,-0.42191216011731325
Super Saiyan 2 Goku,YEL,SPARKING,212058,212048,2323216,152461,147982,0.1339,0.2319999999999999,424106,424106,-0.5490684511438166,1,-0.39819872526065925
 Super Janemba,PUR,SPARKING,206827,211008,2448419,150214,151707,0.1474,0.2385,417835,417835,-0.6432643431808238,1,-0.43630961485314945
 Super Gogeta,RED,SPARKING,238911,224833,2334946,137839,140598,0.1301999999999999,0.2231,463744,463744,0.04632889673736489,1,-0.4040471149838706
 Broly: Fury,RED,SPARKING,233251,207968,2233566,139316,136571,0.1278999999999999,0.2152,441219,441219,-0.2920162584426042,1,-0.43222715093547515
King of the Demon Realm Dabura,BLU,SPARKING,205919,233263,2110881,142812,140713,0.1353,0.2385,439182,439182,-0.32261377591659296,1,-0.41849931721023265
Super Saiyan Gotenks,PUR,SPARKING,223820,243807,2167474,131659,140706,0.1229,0.2231,467627,467627,0.10465494501988742,1,-0.445754133449035
 Majin Vegeta,RED,SPARKING,243921,225024,2167575,140807,140105,0.1255,0.2121,468945,468945,0.12445245509878639,1,-0.45239110767281465
Super Saiyan Goten (Kid),GRN,SPARKING,234247,185285,2102147,130622,121380,0.1023,0.2187,419532,419532,-0.6177739223887968,1,-0.5505748695307926
Super Saiyan Trunks (Kid),YEL,SPARKING,204750,235528,2081125,128042,126664,0.0841,0.2077,440278,440278,-0.30615089955356317,1,-0.5556294501516807
 Vegito,RED,SPARKING,215222,219537,2412272,158507,158515,0.1411,0.2423,434759,434759,-0.38905109539987837,1,-0.3945276708237848
 Vegeta,GRN,SPARKING,235888,190383,2312124,147632,144742,0.1306,0.218,426271,426271,-0.5165482619777952,1,-0.438657422708636
 Goku Black,PUR,SPARKING,217566,217576,2312009,161897,160299,0.1441,0.2488,435142,435142,-0.3832981011963743,1,-0.40321102505093614
Super Saiyan Kale (Berserk),RED,SPARKING,211049,227426,2364829,159638,156513,0.1258,0.2123999999999999,438475,438475,-0.3332335328405547,1,-0.4303872059350028
 Zamasu,RED,SPARKING,211487,213608,2461386,147025,149219,0.1422,0.2403,425095,425095,-0.5342128081483455,1,-0.4153077207188065
 Goku Black,YEL,SPARKING,200111,236102,2111492,144951,147841,0.1394,0.2415,436213,436213,-0.36721074664819464,1,-0.42197814226465585
 Goku,BLU,SPARKING,225540,196260,2041412,144127,137177,0.1335,0.2183,421800,421800,-0.5837065833455929,1,-0.4528969767165672
Super Saiyan 2 Trunks (Adult),BLU,SPARKING,222198,236203,2189744,137490,138856,0.1271,0.2205,458401,458401,-0.03392762553240536,1,-0.41773837837655886
Super Saiyan Gohan,YEL,SPARKING,227094,216039,2358975,141413,145668,0.1334,0.226,443133,443133,-0.26326630829767805,1,-0.39470074490384294
World Champion Hercule,RED,SPARKING,110721,109639,1684350,123337,125782,0.1288,0.2208999999999999,220360,220360,-3.6095111586820177,-1,-0.6336034181460806
 Majin Buu: Good,GRN,SPARKING,208099,213362,2287919,158447,155320,0.1281,0.2289,421461,421461,-0.5887986591549607,1,-0.4127952898689247
Super Saiyan 3 Goku,PUR,SPARKING,246672,243000,2089079,130851,125721,0.1295,0.2213,489672,489672,0.43579008135473396,1,-0.484843560886479
Super Saiyan 2 Gohan (Youth),PUR,SPARKING,222765,186584,2345338,135221,136580,0.0902,0.2153999999999999,409349,409349,-0.7707314680135527,1,-0.5424076961297909
 Super Trunks,GRN,SPARKING,241917,162867,1762490,129342,129335,0.1125999999999999,0.1607,404784,404784,-0.8393017514051868,1,-0.5881614065379562
Perfect Form Cell,RED,SPARKING,215122,232420,2065086,130648,130642,0.092,0.2153999999999999,447542,447542,-0.19703928103070878,1,-0.5262623270850867
 Android #18,BLU,SPARKING,230346,209432,2166868,133595,136285,0.1216,0.244,439778,439778,-0.3136613358505658,1,-0.4690372181750028
Super Saiyan Goku,GRN,SPARKING,165322,203211,2193545,129342,126774,0.093,0.2539,368533,368533,-1.3838234038104724,1,-0.5627854567909097
 Cooler,GRN,SPARKING,201481,241315,2311605,144338,142911,0.1315,0.2253,442796,442796,-0.2683283423618579,1,-0.4065331166085228
 Android #16,GRN,SPARKING,207397,129749,2486510,155218,158346,0.0969,0.1994,337146,337146,-1.8552835319185164,1,-0.6069965102529906
Fused with Kami Piccolo,BLU,SPARKING,179459,235391,2237635,130511,129342,0.0916,0.2307999999999999,414850,414850,-0.6881016478739296,1,-0.5418120335489184
 Super Vegeta,YEL,SPARKING,179259,227265,2237746,124264,131942,0.0921,0.2133,406524,406524,-0.8131654330916176,1,-0.5632544995897114
Super Saiyan Goku,GRN,SPARKING,218966,249069,2200960,138725,140096,0.1339,0.244,468035,468035,0.11078346103824158,1,-0.418868869720948
1st Form Frieza,BLU,SPARKING,200984,250319,2358874,143984,144710,0.1459,0.2528,451303,451303,-0.14054577920465489,1,-0.4297741094134495
Legendary Super Saiyan Broly,BLU,SPARKING,241485,159104,1921582,124294,118232,0.1105,0.2062,400589,400589,-0.902314311937039,1,-0.5726223072409052
 Demon King Piccolo,YEL,SPARKING,229370,202299,2051507,143519,131072,0.1509,0.2357,431669,431669,-0.4354655917153547,1,-0.4829510452871648
 Bardock,GRN,SPARKING,217726,181088,2511626,138071,138071,0.0875,0.1779,398814,398814,-0.9289763607913984,1,-0.5898073968699484
Super Saiyan Vegeta,YEL,SPARKING,215940,236145,2335970,144905,144898,0.1361,0.2329,452085,452085,-0.12879945683614274,1,-0.38150284197041245
 Goku (Youth),YEL,SPARKING,238852,193844,2090796,135103,133778,0.1336,0.2365,432696,432696,-0.4200391555613113,1,-0.4704153741775155
Super Saiyan Goku,BLU,SPARKING,217284,182899,2203952,150623,152894,0.0939,0.1779,400183,400183,-0.9084127862102052,1,-0.5762436842873416
Super Saiyan Cabba,GRN,SPARKING,215531,234698,2289178,145055,149463,0.1284,0.217,450229,450229,-0.15667819637061656,1,-0.40395026801536993
 Android #18,YEL,SPARKING,215122,179259,1827954,125519,133274,0.1388,0.1779,394381,394381,-0.9955638890006239,1,-0.5511188229876391
 Android #17,PUR,SPARKING,214718,231453,2322914,160318,163549,0.1299,0.2217,446171,446171,-0.21763289735709002,1,-0.395438549368652
 Krillin,BLU,SPARKING,215946,232781,2131676,143817,143109,0.1364,0.2271999999999999,448727,448727,-0.1792395470068125,1,-0.4011831971686916
Super Saiyan Goku,YEL,SPARKING,232460,227885,2000012,139980,137218,0.1351,0.2251,460345,460345,-0.004727049209659079,1,-0.43943789843930653
 Mai,GRN,SPARKING,189851,219044,2020913,144228,144235,0.1235999999999999,0.2105999999999999,408895,408895,-0.777550944171231,1,-0.4939329377416206
 Turles,PUR,SPARKING,233791,249241,2256711,138162,138845,0.131,0.2206,483032,483032,0.33605148733053886,1,-0.40795638359102454
Super Saiyan Trunks (Teen),RED,SPARKING,161429,159814,1865069,125581,126199,0.1055,0.1957999999999999,321243,321243,-2.0941604687809825,1,-0.5508163153408886
Super Saiyan Vegeta,RED,SPARKING,235612,206563,2009502,165265,156884,0.1294,0.2341,442175,442175,-0.27765630424273513,1,-0.4578085706353965
Super Saiyan Goku,RED,SPARKING,218639,216466,2188550,150080,150073,0.1367,0.2378,435105,435105,-0.3838538734823525,1,-0.39201322688054113
 Pan,BLU,SPARKING,237683,211885,2089786,146202,146195,0.1409,0.2635,449568,449568,-0.16660699315525407,1,-0.4519488692889126
 Pikkon,YEL,SPARKING,236833,197842,2335015,135734,137762,0.1369,0.2323,434675,434675,-0.3903128486977748,1,-0.4297354766889755
Final Form Frieza,YEL,SPARKING,244236,204002,2243704,139720,142521,0.1331,0.2384,448238,448238,-0.18658475370528108,1,-0.418953774500803
 Captain Ginyu,GRN,SPARKING,199010,219905,2288222,143840,146738,0.1304,0.2237,418915,418915,-0.6270418007792982,1,-0.41392024860118076
Super Saiyan Goku,RED,SPARKING,180837,226973,1712386,109677,115300,0.0975,0.1678,407810,407810,-0.7938485909357268,1,-0.6062678274733131
 Goku,BLU,SPARKING,167822,154112,1883813,127956,134517,0.0984999999999999,0.1903,321934,321934,-2.083781045818525,1,-0.5515087137869551
 Vegeta,PUR,SPARKING,199771,247428,2289030,145737,141466,0.1318,0.2189999999999999,447199,447199,-0.20219144033045258,1,-0.4204240040565982
 Piccolo,GRN,SPARKING,204992,200933,2346036,161926,158737,0.1285,0.2171999999999999,405925,405925,-0.8221629357754268,1,-0.45161759714076344
 Gohan (Kid),YEL,SPARKING,223729,143148,1883719,128111,126837,0.0886,0.1687,366877,366877,-1.4086979688261452,1,-0.5802195362222425
Super Saiyan Gohan (Teen),BLU,EXTREME,252783,228562,2452980,172476,168241,0.1377,0.2312,481345,481345,0.31071127526445197,1,-0.37593905114384885
 Trunks,GRN,EXTREME,211238,274877,2404502,166776,170126,0.1384,0.2362,486115,486115,0.38236083753785716,1,-0.4438366735876608
 Bardock,PUR,EXTREME,233479,255607,2362797,166868,168535,0.1366,0.2337999999999999,489086,489086,0.4269878500146469,1,-0.375447268752129
Final Form Frieza,RED,EXTREME,233479,231143,2404603,174312,174312,0.1451,0.2441,464622,464622,0.059517222874901535,1,-0.41686552918990805
 Metal Cooler,YEL,EXTREME,242126,259445,2327604,161157,164400,0.1366,0.2337999999999999,501571,501571,0.6145234443508029,1,-0.36643411487746186
 Gohan (Kid) & Krillin,PUR,EXTREME,255720,235893,2440939,168645,172021,0.134,0.2314999999999999,491613,491613,0.46494559505969824,1,-0.376167950004669
 Cell Jr.,RED,EXTREME,227826,257636,2428983,165310,165310,0.143,0.2415,485462,485462,0.37255220773397174,1,-0.383512556423661
 Vados,PUR,EXTREME,236006,252040,2304656,167062,164435,0.1432,0.2465,488046,488046,0.41136614251688136,1,-0.3846112626771986
God of Destruction Champa,BLU,EXTREME,258367,230229,2304656,167062,167740,0.1404,0.2362999999999999,488596,488596,0.41962762244358426,1,-0.3863554320684077
Super Saiyan Kale (Berserk),BLU,EXTREME,229315,260597,2424410,155626,158585,0.1516,0.2542999999999999,489912,489912,0.4393950907772952,1,-0.41210095295151866
 Bergamo,PUR,EXTREME,279619,227069,2335117,151053,150170,0.1457,0.253,506688,506688,0.6913852494143279,1,-0.43253592665681884
 Majuub,RED,EXTREME,265842,237819,2400180,164180,165817,0.1368,0.2343,503661,503661,0.6459170680722739,1,-0.37699102675696494
 Omega Shenron,BLU,EXTREME,237831,263196,2448763,158759,163538,0.1404,0.2396,501027,501027,0.606352089659664,1,-0.37928270255077157
Super Saiyan God SS Vegeta,RED,EXTREME,237908,256188,2498183,158677,165095,0.1369999999999999,0.233,494096,494096,0.5022424217106134,1,-0.37397865190921076
Super Saiyan God SS Goku,GRN,EXTREME,235544,237908,2498183,167202,171393,0.1384,0.2443,473452,473452,0.19215152787996823,1,-0.39091784793781825
 Android #18,YEL,EXTREME,254895,249907,2500233,164281,161709,0.1384999999999999,0.2365,504802,504802,0.6630558837020339,1,-0.3592865728680003
 Thouser,GRN,EXTREME,259636,244101,2424592,157487,160644,0.1372,0.2344,503737,503737,0.6470586543894183,1,-0.3639513368058942
Final Form Cooler,BLU,EXTREME,255224,243001,2400583,155261,150723,0.1539,0.2422,498225,498225,0.5642636046512612,1,-0.4031518129913648
 Turles,RED,EXTREME,232034,240600,2449290,161367,161367,0.1510999999999999,0.2547,472634,472634,0.1798644540980719,1,-0.39639484622038634
 Gohan & Trunks (Youth),GRN,EXTREME,244477,239662,2424954,162420,165654,0.1461,0.2519,484139,484139,0.35267959329210274,1,-0.37663971458797757
 Dyspo,GRN,EXTREME,235868,246891,2289609,158714,157797,0.1551,0.262,482759,482759,0.3319507891123754,1,-0.42292341304510345
 Toppo,YEL,EXTREME,242165,236244,2437292,155611,157007,0.1523,0.2646,478409,478409,0.2666099933284524,1,-0.403541647141575
 Fasha,BLU,EXTREME,253093,258808,2336056,148847,153318,0.1462,0.2444,511901,511901,0.7696890582468775,1,-0.39928401127300944
 Tora,GRN,EXTREME,248676,243866,2334020,157416,160602,0.1473,0.2526,492542,492542,0.47889998569952913,1,-0.38135057970639297
 Mai,RED,EXTREME,222566,259484,2310566,153693,160764,0.1523,0.2653,482050,482050,0.3213009904432257,1,-0.43845773519317677
Final Form Frieza,GRN,EXTREME,242659,240246,2575086,160602,159005,0.1408,0.2377,482905,482905,0.3341438365111002,1,-0.38860700159409856
Super Saiyan 2 Gohan (Youth),BLU,EXTREME,251250,250007,2287791,164764,163127,0.1372,0.2354,501257,501257,0.6098068903562852,1,-0.36308631553784265
 Copyman,PUR,EXTREME,242861,222768,2230426,156998,153895,0.1498,0.2503,465629,465629,0.07464324157706485,1,-0.3975088743915532
 Jinkouman,RED,EXTREME,248865,210056,2366944,161770,156998,0.1476,0.2453,458921,458921,-0.02611677178352261,1,-0.39984717196130243
 Tennenman,RED,EXTREME,221908,243943,2230426,160171,153895,0.1476,0.2478,465851,465851,0.07797787529293403,1,-0.40196739343460197
 Kyukonman,YEL,EXTREME,229532,228380,2534407,164038,162409,0.1361,0.2257,457912,457912,-0.04127283223087394,1,-0.3890504020320699
 Kaiwareman,BLU,EXTREME,242861,243956,2408836,154651,151602,0.1367,0.228,486817,486817,0.3929054900988489,1,-0.3628002183638594
 Saibaman,GRN,EXTREME,246392,210056,2457494,160163,159360,0.1411,0.2403,456448,456448,-0.06326338970849768,1,-0.3936978661021212
 Yajirobe,PUR,EXTREME,250127,213239,2547268,157785,157785,0.1418,0.2391,463366,463366,0.04065100689683089,1,-0.40416043961139453
 Jiren,BLU,EXTREME,250203,252732,2537146,159300,159950,0.1325,0.2226,502935,502935,0.6350119145690261,1,-0.3731715872662923
Super Saiyan Goku,GRN,EXTREME,242962,240549,2188533,148699,151703,0.1481,0.2506,483511,483511,0.3432464853030674,1,-0.4093198689311683
 Guprei,PUR,EXTREME,254012,236988,2322640,154034,151002,0.1387,0.2387999999999999,491000,491000,0.455737800159573,1,-0.36482154508976933
 Monrei,YEL,EXTREME,228530,231945,2447955,167126,172201,0.136,0.2266,460475,460475,-0.002774335772438392,1,-0.3861476024515748
 Navel,GRN,EXTREME,241789,239365,2299419,154818,159533,0.1446,0.2312,481154,481154,0.3078422885989969,1,-0.3711544744778578
 Raspberry,RED,EXTREME,241789,250222,2399372,149497,154042,0.138,0.2335,492011,492011,0.47092390235211234,1,-0.36648942179467703
 Roberry,RED,EXTREME,227476,235894,2346036,162611,160998,0.1387,0.2307,463370,463370,0.04071109038720691,1,-0.36943595808786556
 Nabana,BLU,EXTREME,247855,230886,2299590,153340,158003,0.1381,0.2342,478741,478741,0.2715969230296622,1,-0.3626627353772818
 Orlen,YEL,EXTREME,247831,216646,2311201,151804,153324,0.149,0.2482,464477,464477,0.057339196348770764,1,-0.39433558991389334
 Ramon,GRN,EXTREME,238284,251566,2311201,148815,154860,0.138,0.2284,489850,489850,0.4384637966764669,1,-0.37648905917481496
 Appule,PUR,EXTREME,235918,244270,2311085,147332,154860,0.141,0.2430999999999999,480188,480188,0.29333212567318784,1,-0.3826261887825785
 Zangya,YEL,EXTREME,238385,246695,2334409,142189,147975,0.1586999999999999,0.2453999999999999,485080,485080,0.3668142344030617,1,-0.44826856963906514
Super Saiyan Rosé Goku Black,YEL,EXTREME,212558,216848,2358084,160397,163623,0.1545,0.262,429406,429406,-0.46945782639558864,1,-0.4563540631822553
Super Saiyan 3 Gotenks,GRN,EXTREME,242059,254291,2387756,149550,145150,0.1349,0.2286,496350,496350,0.5360994685375012,1,-0.38405448463107705
 Super Baby 2,RED,EXTREME,251868,223251,2211039,157518,159881,0.1427,0.241,475119,475119,0.21719132249417503,1,-0.38755949753417934
 Super #17,PUR,EXTREME,233867,248109,2436202,143821,148177,0.1442,0.2459,481976,481976,0.3201894458712693,1,-0.39797068587402445
 Baby Vegeta,BLU,EXTREME,230037,246885,2334844,143821,145244,0.1493,0.2548,476922,476922,0.24427395578116656,1,-0.4130352640575448
 Goku Black,BLU,EXTREME,236287,236298,2255791,144630,146075,0.157,0.2609,472585,472585,0.17912843134096562,1,-0.4637830840497848
 Trunks (Youth),GRN,EXTREME,218131,215969,2311374,163833,165471,0.1524,0.2583,434100,434100,-0.39894985043932785,1,-0.4414990222807682
 Master Roshi,BLU,EXTREME,243568,238777,2288599,144009,145446,0.1503999999999999,0.2535,482345,482345,0.3257321478584572,1,-0.41148750953422564
 Broly,YEL,EXTREME,237660,228059,2382062,161596,159999,0.1381,0.2334,465719,465719,0.07599512011052534,1,-0.36051657877424886
Final Form Frieza,BLU,EXTREME,230329,219424,2497816,154710,153182,0.1482,0.2511,449753,449753,-0.1638281317253631,1,-0.4085390875576445
 Full Power Boujack,YEL,EXTREME,237683,237683,2370097,153946,155490,0.1505,0.2548,475366,475366,0.22090147802489435,1,-0.3874833700483361
 Yurin,GRN,EXTREME,253451,241302,2277136,155525,159286,0.147,0.2606,494753,494753,0.5121111350048748,1,-0.3906680041780213
 Gohan (Kid),PUR,EXTREME,246297,247402,2089981,150155,144326,0.142,0.2425,493699,493699,0.49627913529079326,1,-0.42824605023593004
 Rozie,RED,EXTREME,215303,241458,2189442,142896,147934,0.155,0.2692,456761,456761,-0.05856185658657403,1,-0.4760259226012259
 Kakunsa,GRN,EXTREME,219637,213185,2312009,161806,160209,0.1537,0.2537999999999999,432822,432822,-0.4181465256144666,1,-0.4351608871744347
 Ribrianne,YEL,EXTREME,224026,236726,2346609,156448,154920,0.1535,0.2613,460752,460752,0.0013864459361010726,1,-0.4194622951606284
 Videl,RED,EXTREME,239092,215303,2288902,160201,163411,0.139,0.2405999999999999,454395,454395,-0.09410124114399053,1,-0.38416159059213956
Super Saiyan 2 Goku,PUR,EXTREME,254884,219626,2311893,158795,158015,0.1356,0.2289999999999999,474510,474510,0.20804361108442582,1,-0.3745501289481676
 Gokua,BLU,EXTREME,250102,236904,2461386,155122,159800,0.1392,0.2314999999999999,487006,487006,0.3957444350191159,1,-0.35786850482107585
 Bujin,GRN,EXTREME,228474,251314,2406394,143098,145966,0.1537,0.2615,479788,479788,0.2873237766355857,1,-0.44447229764583723
 Bido,PUR,EXTREME,253837,217656,2436788,156666,156673,0.1487,0.2314999999999999,471493,471493,0.16272563846831187,1,-0.3912672904727985
 Yamcha,RED,EXTREME,215505,250077,2211525,151308,157414,0.1457,0.2451,465582,465582,0.07393726056514661,1,-0.40439651545272515
 Krillin,PUR,EXTREME,222022,228474,2300369,152814,154334,0.1507,0.2615,450496,450496,-0.15266762338801715,1,-0.411399855099017
 Tien,GRN,EXTREME,217768,219929,2388665,160520,169481,0.1423,0.2416,437697,437697,-0.3449197717186908,1,-0.4072754672014267
 Super Vegeta,GRN,EXTREME,225436,244174,2289205,147511,146059,0.1409,0.2392,469610,469610,0.1344413353737999,1,-0.38073388641703515
 Gogeta,RED,EXTREME,247705,219929,2461364,159705,162101,0.1386,0.226,467634,467634,0.10476009112804546,1,-0.3758206162640042
 Syn Shenron,BLU,EXTREME,215606,215606,2279047,155223,160672,0.1437,0.2416,431212,431212,-0.4423301304908151,1,-0.39919693620060287
 Hit,RED,EXTREME,241862,213578,2312413,155308,158419,0.1452,0.2477,455440,455440,-0.07840442928325501,1,-0.3905940745393688
 Goku (Youth),BLU,EXTREME,235565,209115,2335754,152267,152267,0.1408,0.2362999999999999,444680,444680,-0.2400290183947519,1,-0.3847896400609568
 Kale,BLU,EXTREME,240677,241884,2347174,156130,158311,0.1476,0.2689,482561,482561,0.3289766563387624,1,-0.39712070358398593
 Borgos,GRN,EXTREME,229959,216955,2437090,154688,151661,0.1409,0.2341,446914,446914,-0.2064723890197441,1,-0.3775058801262831
 Shugesh,YEL,EXTREME,250444,219117,2359194,145576,144145,0.1361,0.2318,469561,469561,0.13370531261669363,1,-0.3937411973989047
 Android #15,GRN,EXTREME,222106,236169,2174726,146845,148313,0.1391,0.2353,458275,458275,-0.035820255479250024,1,-0.3888833093463047
 Android #14,BLU,EXTREME,236145,213703,2233040,156674,152064,0.1391,0.233,449848,449848,-0.16240114882893258,1,-0.38146952666173284
 Hyper Meta-Rilldo,YEL,EXTREME,236740,198431,2435618,152987,154516,0.1429,0.2473999999999999,435171,435171,-0.3828624958911482,1,-0.41422646770262517
 Super Trunks,PUR,EXTREME,254946,233949,2363280,144552,147463,0.1232,0.2101,488895,488895,0.42411886334919185,1,-0.44621453426810814
2nd Form Frieza,YEL,EXTREME,241577,216354,2265041,148495,148488,0.1281,0.2212,457931,457931,-0.04098743565158784,1,-0.3961718907906331
 Trunks (Kid),GRN,EXTREME,212082,240382,2333904,140355,144626,0.1429,0.2526,452464,452464,-0.12310654612301475,1,-0.41841109716797487
 Goku,PUR,EXTREME,247509,213087,2334138,149191,152952,0.1331,0.2324,460596,460596,-0.0009568101885637522,1,-0.385814485451762
 Buu: Super,RED,EXTREME,247554,242785,2265041,144626,141772,0.1344,0.2289,490339,490339,0.4458090033749355,1,-0.3873625023496834
 Shisami,GRN,EXTREME,239365,203709,2334340,144828,140557,0.1373,0.2246,443074,443074,-0.2641525397807244,1,-0.4069368809421912
 Android #13,RED,EXTREME,228865,236998,2357797,147221,150181,0.136,0.2314,465863,465863,0.0781581257640621,1,-0.3698482534655211
Legendary Super Saiyan Broly,YEL,EXTREME,238181,254680,2435820,152460,149440,0.1373,0.2349,492861,492861,0.4836916440570168,1,-0.3717209117989728
 Nail,PUR,EXTREME,214739,249309,2387656,154285,157397,0.1358,0.2453999999999999,464048,464048,0.0508952420059425,1,-0.3835464176570893
 Krillin,PUR,EXTREME,214739,238496,2242896,144600,151990,0.1456,0.2595,453235,453235,-0.11152545335303667,1,-0.4172459319743736
 Gohan (Kid),YEL,EXTREME,219043,249309,2078778,155837,155845,0.1309,0.2317,468352,468352,0.11554507765054126,1,-0.4197277466312051
 Captain Ginyu,PUR,EXTREME,235283,235260,2300224,144715,144715,0.1359,0.2332,470543,470543,0.14845580950400683,1,-0.3822726425901367
 Jeice,RED,EXTREME,212911,226845,2288612,142565,149828,0.1326,0.2343,439756,439756,-0.3139917950476339,1,-0.3948862584432083
 Recoome,BLU,EXTREME,220534,215122,2412171,158414,159996,0.1303,0.2198999999999999,435656,435656,-0.37557737268305563,1,-0.3986428789508707
 Burter,YEL,EXTREME,223601,195647,2189139,142666,148455,0.146,0.2496999999999999,419248,419248,-0.6220398502054943,1,-0.43843339087444994
 Guldo,GRN,EXTREME,182117,218360,2079390,141969,146269,0.1446,0.256,400477,400477,-0.9039966496675677,1,-0.4919420935840569
God of Destruction Beerus,YEL,EXTREME,216389,247440,2211664,137628,134921,0.1344999999999999,0.2245,463829,463829,0.04760567090785534,1,-0.41918092863738443
 Chilled,YEL,EXTREME,241493,247453,2167676,145744,144306,0.1375,0.2278,488946,488946,0.4248849278514861,1,-0.40041630150018254
 Super Janemba,YEL,EXTREME,235539,217486,2233545,144306,144299,0.1419,0.2376,453025,453025,-0.11467983659777778,1,-0.39905091842178286
 Boujack,GRN,EXTREME,216591,215525,2335217,153571,153578,0.1371,0.2325,432116,432116,-0.4287512616658343,1,-0.3808788657625858
 Videl,PUR,EXTREME,226354,213496,2300599,158298,153664,0.1308,0.2248,439850,439850,-0.31257983302379744,1,-0.3888297759289619
 Zangya,BLU,EXTREME,237038,234694,2335318,141769,144609,0.1392,0.2326,471732,471732,0.16631562701827912,1,-0.3816168746206417
 Bulma (Youth),YEL,EXTREME,193458,246720,2122085,144085,146961,0.1389,0.2465,440178,440178,-0.3076529868129637,1,-0.4602251698007948
Super Namekian Lord Slug,YEL,EXTREME,213698,215839,2382667,148620,149358,0.1323,0.2206,429537,429537,-0.46749009208577397,1,-0.4020198917334318
Super Saiyan Vegeta,BLU,EXTREME,212451,209333,2168282,151696,150205,0.1236999999999999,0.2087,421784,421784,-0.5839469173070969,1,-0.45804818775178807
 Majin Buu: Pure Evil,BLU,EXTREME,228895,255532,2266758,139605,138234,0.1348,0.2239999999999999,484427,484427,0.35700560459917624,1,-0.40517177875784577
 Tien,RED,EXTREME,217016,217016,2179169,144200,148529,0.1404,0.2418,434032,434032,-0.3999712697757202,1,-0.40062712669856226
 Trunks (Teen),PUR,EXTREME,242188,197514,2190156,145020,146444,0.1349,0.2285,439702,439702,-0.3148029221677102,1,-0.4239514454366397
 Chi-Chi,PUR,EXTREME,215328,236853,2310667,158344,161547,0.1416,0.2426,452181,452181,-0.12735745306711824,1,-0.3840011132886317
 Caulifla,RED,EXTREME,217604,213310,2199326,126782,123040,0.122,0.2012,430914,430914,-0.44680635052382867,1,-0.514423838349932
 Gohan,GRN,EXTREME,203002,234979,2199528,141519,142923,0.1211,0.2052,437981,437981,-0.3406538439019933,1,-0.4762301502612432
 Whis,RED,EXTREME,232435,247882,2120984,158591,158591,0.1418,0.263,480317,480317,0.2952698182378145,1,-0.42851794080327277
 Tora,PUR,EXTREME,202297,220197,2311634,141808,137637,0.1313,0.2196,422494,422494,-0.5732820977653532,1,-0.4237569572205588
 Fasha,RED,EXTREME,211856,197317,2211159,132566,136582,0.1421,0.2419,409173,409173,-0.7733751415900976,1,-0.4538219537924526
Super Saiyan Vegeta,PUR,EXTREME,199384,230761,2010109,118619,119211,0.1314,0.2241,430145,430145,-0.45835740154861876,1,-0.5237368882655059
 Pan: Honey,RED,EXTREME,200402,206726,2100182,139816,144043,0.1429,0.2557999999999999,407128,407128,-0.8040928260448384,1,-0.4566331666313751
Super Saiyan Trunks (Teen),GRN,EXTREME,201390,230738,2068796,118630,124043,0.1141,0.1817,432128,432128,-0.42857101119470625,1,-0.5669930684453599
King of the Demon Realm Dabura,RED,EXTREME,210763,242337,2334929,157704,157712,0.1394,0.231,453100,453100,-0.11355327115322739,1,-0.3808466662333157
 Vegeta,YEL,EXTREME,210802,234391,2090089,147182,141466,0.1256,0.2112,445193,445193,-0.23232331075402718,1,-0.4503499108888656
 Android #18,PUR,EXTREME,201784,228866,2090089,134403,137086,0.1389,0.23,430650,430650,-0.45077186088864607,1,-0.4407434185892838
 Android #17,GRN,EXTREME,211290,189346,2069200,154295,151256,0.1268,0.2101,400636,400636,-0.9016083309251207,1,-0.4814563814812513
 Zamasu,GRN,EXTREME,211185,236847,2358690,148230,154219,0.1376,0.2256,448032,448032,-0.18967905345964617,1,-0.39433873421448057
 Mai,PUR,EXTREME,189413,220746,1910250,134593,136600,0.127,0.2123999999999999,410159,410159,-0.7585645612124085,1,-0.4989287830913931
 Cell Jr.,YEL,EXTREME,234160,198529,1991326,119741,122115,0.1192,0.181,432689,432689,-0.4201443016694693,1,-0.5671006246416448
 Gohan (Youth),RED,EXTREME,160273,236506,1951736,139159,136448,0.1177999999999999,0.2059,396779,396779,-0.9595438365201991,1,-0.5580295605629088
 Majin Buu: Good,BLU,EXTREME,237380,219196,2413080,156326,156333,0.1311999999999999,0.2263,456576,456576,-0.061340718016465005,1,-0.37167993514234493
Super Saiyan Goku,PUR,EXTREME,251162,233949,2188230,141684,147455,0.1394,0.2437,485111,485111,0.36727988145347584,1,-0.40791277991073766
 Android #16,YEL,EXTREME,216804,192292,2265445,135036,133697,0.1285,0.2194,409096,409096,-0.774531748779836,1,-0.4475465872889446
Perfect Form Cell,PUR,EXTREME,215722,225342,2334525,144386,145816,0.1463,0.2506,441064,441064,-0.294344493694675,1,-0.4096096371528226
 Goten (Kid),BLU,EXTREME,203703,159529,1809674,129335,129342,0.0819999999999999,0.1987999999999999,363232,363232,-1.4634490494312946,1,-0.5672243550989888
 Trunks (Kid),BLU,EXTREME,154822,209897,1846233,126774,130635,0.1028999999999999,0.1568999999999999,364719,364719,-1.4411130118840088,1,-0.587654231545459
 Cooler,BLU,EXTREME,190722,197317,2210938,130062,127494,0.1313,0.2251,388039,388039,-1.0908262629918053,1,-0.49308268332975347
 Thouser,PUR,EXTREME,208690,159878,2334611,120334,122755,0.1321,0.2219,368568,368568,-1.3832976732696822,1,-0.545334659731416
2nd Form Cell,BLU,EXTREME,203351,209776,1990316,139429,139422,0.1488,0.2496,413127,413127,-0.7139826113534007,1,-0.4751164996415257
 Dodoria,GRN,EXTREME,186547,143648,2044231,122675,130056,0.1125999999999999,0.1553999999999999,330195,330195,-1.9596936173194472,1,-0.5773352562606039
 Zarbon,BLU,EXTREME,156762,169016,1789354,120423,140423,0.1039,0.2611,325778,325778,-2.0260408115671686,1,-0.5920637944593836
 Raditz,BLU,EXTREME,174327,186983,1678562,91327,88628,0.1205,0.1336,361310,361310,-1.4923191665569726,-1,-0.6563103033247915
 Bardock,YEL,EXTREME,187081,138525,1883719,126781,124264,0.1065,0.1957999999999999,325606,325606,-2.0286244016533375,1,-0.5530804937609709
1st Form Frieza,YEL,EXTREME,159736,177484,1807338,127437,112062,0.1107,0.1919,337220,337220,-1.85417198734656,1,-0.5705103697678898
 Pan,PUR,EXTREME,159736,180816,1626767,108403,113961,0.087,0.178,340552,340552,-1.8041224398633344,1,-0.5881540709217026
 Demon King Piccolo,PUR,EXTREME,203909,240600,2347046,134669,133350,0.1265,0.2073,444509,444509,-0.2425975876083268,1,-0.46905385524646187
 Trunks,GRN,EXTREME,215637,242855,2211967,144602,145307,0.1372,0.235,458492,458492,-0.03256072612635088,1,-0.39007124516257674
 Android #17,RED,EXTREME,177786,148148,1812847,104782,107963,0.0934,0.1745,325934,325934,-2.023697555442504,1,-0.5743730803704828
 Cabba,GRN,EXTREME,158960,207564,2131683,123539,127913,0.1139,0.1797,366524,366524,-1.414000336851829,1,-0.5700740438713542
 Android #18,GRN,EXTREME,145207,139682,1827954,102444,158338,0.078,0.178,284889,284889,-2.6402292710634505,-1,-0.6241561829846788
 Master Roshi,PUR,EXTREME,138532,184321,1864788,128685,128048,0.1243,0.1585,322853,322853,-2.069976863904634,1,-0.5880997185537732
1st Form Cell,YEL,EXTREME,148148,144624,1867871,104772,85506,0.134,0.1745,292772,292772,-2.521819732404907,-1,-0.631601682482567
 Turles,GRN,EXTREME,196041,239304,2358791,129980,129980,0.1391,0.2325,435345,435345,-0.38024886405979125,1,-0.47375946368243926
 Vegeta,RED,EXTREME,193705,112919,1846233,121857,126824,0.0789,0.1518,306624,306624,-2.313750605232746,1,-0.6205452448796934
 Trunks (Teen),YEL,EXTREME,176095,146739,1518145,102753,103775,0.0902,0.2057,322834,322834,-2.0702622604839203,1,-0.5989337679364793
 Android #19,RED,EXTREME,178428,126805,1771638,95437,116928,0.1305,0.2307999999999999,305233,305233,-2.334644639011007,1,-0.6151554686679755
 Android #20,YEL,EXTREME,122899,166127,1892996,99465,124325,0.1243,0.2285,289026,289026,-2.5780879211420507,1,-0.6108068398452782
Final Form Frost,BLU,EXTREME,153334,151808,1957930,134347,138439,0.0926,0.1873999999999999,305142,305142,-2.3360115384170617,1,-0.5681791193627375
 Mercenary Tao,PUR,EXTREME,210361,156531,2010714,118532,122712,0.1441,0.2576,366892,366892,-1.4084726557372351,1,-0.5751746017702022
3rd Form Frieza,PUR,EXTREME,220053,230963,2289205,141870,146141,0.1253,0.2105,451016,451016,-0.1448567696391344,1,-0.4338986682536142
1st Form Frieza,BLU,EXTREME,207717,251392,2047511,143296,144735,0.1221,0.2123,459109,459109,-0.023292847735849612,1,-0.4707719538722323
 Vegeta,GRN,EXTREME,195763,234496,1989508,134520,135864,0.1314,0.2234,430259,430259,-0.45664502207290214,1,-0.46629865283188926
Fused with Nail Piccolo,YEL,EXTREME,192109,190182,2310999,144136,142712,0.1303,0.2214,382291,382291,-1.1771662386621478,1,-0.4728783677386254
 Nappa,RED,EXTREME,206318,108496,1812847,83846,118451,0.0875,0.1994,314814,314814,-2.1907296586878426,-1,-0.6514350697670148
 Chiaotzu,PUR,EXTREME,105635,195774,2089988,126527,128418,0.1467999999999999,0.2498,301409,301409,-2.3920844558104832,1,-0.5800750553816423
 Tien,YEL,EXTREME,202107,198125,1971028,151552,153060,0.1109,0.2460999999999999,400232,400232,-0.9076767634530989,1,-0.5277582476581688
 Yamcha,GRN,EXTREME,230155,192919,1989609,118013,122205,0.1168999999999999,0.1828999999999999,423074,423074,-0.5645699916608301,1,-0.5541377259292399
 Krillin,RED,EXTREME,195441,189716,2324024,141615,140223,0.136,0.2282,385157,385157,-1.1341164178077285,1,-0.45885835468607483
 Goku,BLU,EXTREME,215217,109036,1626929,107372,105240,0.1065,0.1662,324253,324253,-2.0489476422730264,-1,-0.6227355191497828
 Shallot,LGT,HERO,157308,153429,1431770,95446,93551,0.0949,0.1343,310737,310737,-2.251969756253602,-1,-0.6230234130681472
 Mercenary Tao,YEL,HERO,183710,205109,2031312,136220,138257,0.1388,0.2341,388819,388819,-1.0791099823684813,1,-0.48111361026048616
 Nail,GRN,HERO,213674,181695,2020004,132428,136450,0.1231,0.2127,395369,395369,-0.9807232668777466,1,-0.4982854159813069
World Champion Hercule,BLU,HERO,145872,110571,1726312,119688,121480,0.0859,0.1427999999999999,256443,256443,-3.067513012872525,1,-0.6089044433433325
 Videl,RED,HERO,214113,186600,2009301,144545,145996,0.1307,0.2245,400713,400713,-0.9004517237353824,1,-0.4632193930210951
2nd Form Cell,BLU,HERO,141093,141788,1657590,113826,116120,0.0745,0.1281,282881,282881,-2.6703911832322134,-1,-0.6356484266094361
 Krillin,BLU,HERO,158503,156935,1692628,138267,138950,0.131,0.2206,315438,315438,-2.181356634189183,1,-0.5872568097115493
Super Saiyan Goku,PUR,HERO,161755,109514,1971331,119640,122014,0.1286,0.2218,271269,271269,-2.844813555793803,1,-0.6016633880425707
 Turles,BLU,HERO,157036,161763,2011119,132358,135002,0.0872,0.146,318799,318799,-2.1308714814007312,1,-0.5990290749077263
 Cell Jr.,GRN,HERO,156420,159906,1635548,73018,75994,0.1159999999999999,0.1551,316326,316326,-2.1680180993257063,-1,-0.6641628480296392
 Thouser,RED,HERO,156425,161973,2009705,135622,139737,0.0842,0.1426,318398,318398,-2.1368948513109274,1,-0.610810437666818
1st Form Cell,PUR,HERO,169032,143414,1595305,94071,95967,0.0939,0.1286999999999999,312446,312446,-2.226299084990447,-1,-0.631462082888673
 Goku,PUR,HERO,158354,158354,1205640,105038,105564,0.0828,0.1535,316708,316708,-2.1622801259947964,-1,-0.6214145782343765
 Master Roshi,YEL,HERO,84438,160741,1352861,110457,116120,0.093,0.1865,245179,245179,-3.2367081217714007,1,-0.6203565256410651
 Cabba,BLU,HERO,98373,139689,1691161,113821,112688,0.094,0.1551,238062,238062,-3.343611672022936,1,-0.5900850353752985
 Jaco,GRN,HERO,140313,134237,1205580,102484,102489,0.0844999999999999,0.1873999999999999,274550,274550,-2.7955300728128716,-1,-0.6424259768463724
 Saibaman,PUR,HERO,116233,117994,1612255,106526,107598,0.1026,0.1572,234227,234227,-3.4012167184209465,1,-0.5956804942534697
 Yamcha,YEL,HERO,112721,131090,1717866,93551,98348,0.1085999999999999,0.1566,243811,243811,-3.25725667548,1,-0.6138423976022969
 Android #19,BLU,HERO,147584,141790,1223755,81179,81175,0.1181,0.1808,289374,289374,-2.572860657479337,-1,-0.6597613339074373
 Android #20,PUR,HERO,91304,94553,1641178,110522,113877,0.113,0.1846,185857,185857,-4.127776325792983,-1,-0.634253176845653
Final Form Frost,YEL,HERO,146109,108223,1683765,75593,118012,0.0827,0.1817,254332,254332,-3.0992220749184702,-1,-0.6378524139132049
 Chiaotzu,GRN,HERO,91610,177185,1477134,97471,103499,0.103,0.1522,268795,268795,-2.8819751945913716,-1,-0.626420939419252
 Tien,BLU,HERO,132833,95481,1278581,129779,127845,0.0935,0.1477,228314,228314,-3.4900351380692998,-1,-0.6359034792282855
 Yamcha,GRN,HERO,96446,130202,1582324,125320,85662,0.106,0.1657999999999999,226648,226648,-3.5150599118109125,-1,-0.6324110248516739
Fused with Nail Piccolo,RED,HERO,110699,146116,1898789,86091,127851,0.0825,0.1349,256815,256815,-3.061925248267555,-1,-0.6339131032151223
 Pan,GRN,HERO,154979,150384,1145301,94496,118018,0.0831,0.1507,305363,305363,-2.3326919255737866,-1,-0.6209809842141104
 Jaco,RED,HERO,133360,92540,1297792,129136,129130,0.0944999999999999,0.1477,225900,225900,-3.5262955245112284,-1,-0.6359034792282855
 Pikkon,GRN,HERO,91619,99263,1863352,121763,79564,0.1223,0.179,190882,190882,-4.052296441008106,-1,-0.6668749978825733
2nd Form Frieza,RED,HERO,166447,98389,1667094,77892,114530,0.081,0.1808,264836,264836,-2.941442829191039,-1,-0.654831606394362
1st Form Frieza,GRN,HERO,93475,140903,1898694,83555,106548,0.1122,0.1492,234378,234378,-3.398948566659252,-1,-0.6361217371450246
 Captain Ginyu,RED,HERO,87669,170477,1582166,106543,105483,0.0926,0.153,258146,258146,-3.041932466844934,1,-0.6139048675084541
 Jeice,PUR,HERO,108513,122375,1566579,95888,96852,0.0935,0.211,230888,230888,-3.45137141201233,-1,-0.6407123722867872
 Recoome,RED,HERO,180800,128494,1431555,95432,95437,0.094,0.1343,309294,309294,-2.2736448754067515,-1,-0.6409193842959457
 Burter,BLU,HERO,138005,120533,1403137,87615,86743,0.1039,0.2067999999999999,258538,258538,-3.036044284788084,-1,-0.6490906428813124
 Guldo,BLU,HERO,117971,130383,1567706,102449,104513,0.1018999999999999,0.1568,248354,248354,-3.1890168512854338,1,-0.5876393052220101
 Dodoria,RED,HERO,164766,143201,1156754,77876,76338,0.1253,0.1755,307967,307967,-2.2935775733389967,-1,-0.6761942680904142
 Zarbon,GRN,HERO,104107,103066,1614209,128481,127858,0.0926,0.1492,207173,207173,-3.8075914055791658,-1,-0.6292504906892173
 Vegeta,BLU,HERO,120558,168111,1717866,73352,118006,0.0921,0.1356,288669,288669,-2.5834503726581106,-1,-0.6401301305479233
 Nappa,YEL,HERO,150558,155969,1446159,107634,101872,0.0852,0.1182,306527,306527,-2.3152076298743642,-1,-0.6460157728204841
 Saibaman,YEL,HERO,124155,125404,1506234,105542,104493,0.104,0.1537,249559,249559,-3.1709166998096574,1,-0.5925129254011001
 Raditz,BLU,HERO,152072,144655,1205580,102489,116989,0.0795,0.1484,296727,296727,-2.4624121812956163,-1,-0.6297328337487743
 Krillin,PUR,HERO,119352,145382,1826545,80364,124217,0.0895,0.1343,264734,264734,-2.9429749581956273,-1,-0.6244111197565144
 Gohan (Kid),GRN,HERO,93005,144468,1566501,124073,86956,0.1008,0.1641,237473,237473,-3.3524589659808055,-1,-0.6288195009444864
 Goku,YEL,HERO,105396,178992,1417452,95441,94492,0.106,0.1477,284388,284388,-2.6477547282330476,-1,-0.6471384602401992
