character_name,element_color,rarity_tier,base_strike_attack,base_blast_attack,base_hp,base_strike_defence,base_blast_defence,critical_rate,ki_recovery,combined_offence
Super Saiyan Trunks (Teen) & Gohan,RED,LEGEND,254710,276837,2529134,179198,180989,0.1364,0.2305,531547
 Broly: Fury,GRN,LEGEND,258277,243640,2683431,175625,173878,0.1489,0.243,501917
Super Saiyan Rosé Ultra Supervillain Goku Black,BLU,LEGEND,278199,257256,2554425,172545,172545,0.1422,0.2382,535455
 Bardock,YEL,LEGEND,279338,241217,2696646,179171,175634,0.1409,0.2329,520555
Super Saiyan 3 Goku (Mini),PUR,LEGEND,278321,253538,2427952,175237,172646,0.1416,0.2419,531859
Fused with Kami Piccolo,BLU,LEGEND,264553,278335,2683264,174371,174379,0.1308,0.22719999999999999,542888
 Super Vegito,PUR,LEGEND,278328,254786,2529236,182890,173979,0.1384,0.2309,533114
Super Saiyan God Shallet,GRN,LEGEND,251213,267405,2593494,176819,180383,0.1432,0.2397,518618
Super Saiyan God SS Gogeta,RED,ULTRA,255721,279618,2656598,169963,169971,0.1423,0.24539999999999998,535339
Super Saiyan Trunks (Adult),GRN,ULTRA,278300,254811,2528982,176130,174388,0.1444,0.2407,533111
Ultimate Gohan Absorbed Buu: Super,RED,ULTRA,275554,251005,2529236,172646,170930,0.1459,0.2455,526559
Super Full Power Saiyan 4 Goku,GRN,ULTRA,243729,260607,2554653,181981,181081,0.1457,0.261,504336
Half-Corrupted Fusion Zamasu,PUR,ULTRA,260721,252379,2645514,171023,174472,0.1474,0.2321,513100
Super Saiyan 4 Vegeta,RED,ULTRA,263339,267277,2580556,177609,182990,0.1358,0.22870000000000001,530616
Final Form Frieza: Full Power,GRN,ULTRA,249858,272671,2656666,170173,177115,0.1408,0.251,522529
Super Saiyan Goku,YEL,ULTRA,268740,255001,2541892,179474,179483,0.1409,0.24109999999999998,523741
 Perfect Cell,RED,ULTRA,259621,262212,2428377,168885,173132,0.1542,0.261,521833
Beast Gohan,YEL,ULTRA,269906,268841,2477177,172083,170375,0.1413,0.2409,538747
 Majin Vegeta,YEL,ULTRA,266285,263615,2529639,175641,168778,0.1409,0.2413,529900
 Turles,BLU,ULTRA,252783,255304,2555158,178886,179795,0.1479,0.25370000000000004,508087
Super Saiyan 4 Gogeta,PUR,ULTRA,266487,241900,2593898,179896,181678,0.1463,0.249,508387
 Golden Frieza,PUR,ULTRA,279035,256785,2416581,180906,180906,0.1423,0.2302,535820
Super Saiyan 2 Gohan (Youth),GRN,ULTRA,262616,262616,2404502,170973,173536,0.15460000000000002,0.2588,525232
Ultra Instinct -Sign- Goku,YEL,ULTRA,255607,279143,2530043,170880,173281,0.1381,0.2373,534750
 Super Janemba,BLU,ULTRA,274992,261441,2620031,174321,174312,0.1394,0.2291,536433
Super Saiyan God SS Vegito,RED,ULTRA,275079,259546,2633228,170132,173546,0.133,0.2491,534625
 Buu: Kid,YEL,ULTRA,263095,267063,2599984,171191,171505,0.1469,0.25420000000000004,530158
Super Saiyan Rosé Goku Black,GRN,ULTRA,272744,253565,2679366,163818,167101,0.1551,0.2657,526309
 Hit,RED,ULTRA,275573,246186,2679467,168027,171401,0.1484,0.2608,521759
Super Saiyan God SS Gogeta,PUR,ULTRA,275702,248759,2653053,169811,164837,0.1501,0.25579999999999997,524461
Legendary Super Saiyan Broly,PUR,ULTRA,279922,264835,2653154,166579,164938,0.14,0.2521,544757
 Super Vegito,YEL,ULTRA,262317,264910,2626739,171993,173704,0.1487,0.24850000000000003,527227
Super Saiyan God SS Kaioken Goku,YEL,ULTRA,266528,270744,2513545,167753,163502,0.1558,0.2582,537272
 Super Gogeta,BLU,ULTRA,274364,264710,2511727,164293,164302,0.1523,0.2627,539074
 Omega Shenron,RED,ULTRA,247552,245079,2423480,168562,170245,0.1465,0.25170000000000003,492631
 Vegeta,PUR,ULTRA,258101,260076,2433568,164434,158022,0.14150000000000001,0.23829999999999998,518177
Super Saiyan Goku,RED,ULTRA,265518,251969,2387958,161394,161402,0.1414,0.24480000000000002,517487
 Shallot,LGT,SPARKING,260252,253881,2352031,169351,166026,0.12990000000000002,0.2122,514133
 Pan,YEL,SPARKING,254456,238806,2350079,165959,167626,0.1409,0.23870000000000002,493262
 Whis,GRN,SPARKING,238818,253175,2452497,165926,160232,0.1423,0.24170000000000003,491993
 Paragus: Broly (Assist),PUR,SPARKING,256999,243628,2397553,164301,162667,0.13720000000000002,0.23399999999999999,500627
 Trunks (Xeno),PUR,SPARKING,249656,243640,2452252,174278,177797,0.1294,0.2216,493296
Super Saiyan God Ultra Supervillain Vegeta,RED,SPARKING,242186,255977,2385744,170825,172532,0.1366,0.23170000000000002,498163
Farmer Goku,GRN,SPARKING,254685,246064,2486754,165959,164309,0.1308,0.2227,500749
 Tamagami Number One,GRN,SPARKING,261909,248522,2373798,163585,162759,0.1393,0.22949999999999998,510431
 Mai,BLU,SPARKING,249770,249782,2489320,168565,171966,0.1308,0.2206,499552
Super Saiyan God SS Goku & Vegeta,BLU,SPARKING,228057,269587,2477245,176988,173495,0.1259,0.2162,497644
 Tamagami Number Two,RED,SPARKING,264540,251030,2326680,162768,161142,0.1414,0.22949999999999998,515570
Super Saiyan 3 Vegeta (Mini),YEL,SPARKING,256084,267196,2428074,172646,172638,0.1365,0.2329,523280
Super Saiyan Goku,BLU,SPARKING,232660,250986,2477245,171788,173495,0.1384,0.22089999999999999,483646
 Super Saiyan God Goku & Hit,RED,SPARKING,260594,258363,2580327,168548,166052,0.1424,0.2394,518957
Super Saiyan 2 Gohan (Youth),BLU,SPARKING,267210,251005,2503945,171975,166898,0.14730000000000001,0.2318,518215
Super Saiyan Gotenks,RED,SPARKING,232439,230358,2452353,175246,173504,0.1446,0.2544,462797
 Super Janemba,YEL,SPARKING,262962,252278,2476874,167736,167727,0.1424,0.2519,515240
 Goku & Vegeta,GRN,SPARKING,257100,265868,2452353,171780,170072,0.136,0.2365,522968
Super Saiyan Gohan (Youth),RED,SPARKING,242612,262010,2464530,166153,164502,0.1346,0.2284,504622
 Goku,GRN,SPARKING,269974,243818,2327014,160442,160434,0.13849999999999998,0.24100000000000002,513792
 Android #14 & Android #15,GRN,SPARKING,252114,249858,2501992,166161,164511,0.13369999999999999,0.2263,501972
 Android #13,BLU,SPARKING,247128,244916,2539706,175347,173605,0.1374,0.25579999999999997,492044
Super Saiyan 3 Goku,PUR,SPARKING,249858,263312,2554754,180282,182990,0.1283,0.2187,513170
 King Cold,BLU,SPARKING,260030,245060,2403896,162868,161251,0.1424,0.2384,505090
 Metal Cooler,PUR,SPARKING,249609,239008,2501867,182082,181182,0.13970000000000002,0.2432,488617
Final Form Frost: Full Power,RED,SPARKING,260030,240201,2403896,160450,159489,0.1447,0.24559999999999998,500231
Super Saiyan 2 Kefla,GRN,SPARKING,284019,267311,2403896,173596,170860,0.131,0.2229,551330
3rd Form Frieza,RED,SPARKING,239311,268929,2327084,164814,174092,0.1273,0.2212,508240
 Nappa,YEL,SPARKING,235085,263312,2347954,167828,166987,0.14400000000000002,0.2483,498397
 Tien & Chiaotzu,PUR,SPARKING,257458,247387,2425528,169504,167828,0.133,0.2229,504845
Super Saiyan Cabba,RED,SPARKING,260030,262010,2327014,158849,159481,0.1409,0.23309999999999997,522040
Super Saiyan God SS Vegeta,PUR,SPARKING,257458,267297,2428175,171881,172565,0.1411,0.2444,524755
Super Saiyan 2 Caulifla & Kale,YEL,SPARKING,260131,242726,2440232,173697,170961,0.1362,0.2332,502857
Ultra Instinct -Sign- Goku,BLU,SPARKING,281311,245161,2403997,173697,169255,0.1441,0.2433,526472
 Jiren: Full Power,BLU,SPARKING,242707,245161,2452555,173715,172666,0.1375,0.23079999999999998,487868
 Krillin,RED,SPARKING,241520,225130,2452432,162970,171305,0.1525,0.2611,466650
 Vegeta,GRN,SPARKING,252455,256254,2524734,171973,171982,0.1426,0.23850000000000002,508709
 Goku,RED,SPARKING,266070,241496,2603880,176319,173697,0.1362,0.2263,507566
 Jackie Chun,BLU,SPARKING,252480,242707,2554855,162970,171305,0.1322,0.2357,495187
 Goku (Youth),YEL,SPARKING,266057,243931,2593235,173697,170274,0.1362,0.2329,509988
 Tambourine,GRN,SPARKING,249947,232862,2477324,162970,166262,0.1477,0.243,482809
 Demon King Piccolo,PUR,SPARKING,268947,257547,2580400,161340,162161,0.1441,0.2306,526494
 Cyborg Tao,BLU,SPARKING,268841,239210,2362292,154925,154917,0.1439,0.24359999999999998,508051
 Majin Duu,PUR,SPARKING,228371,250060,2555084,172083,175558,0.1389,0.2368,478431
Super Saiyan 4 Goku,BLU,SPARKING,268841,241621,2464978,169714,166372,0.1512,0.251,510462
 Majin Kuu,YEL,SPARKING,239222,241621,2452901,177811,179602,0.141,0.23329999999999998,480843
Super Saiyan 3 Vegeta,GRN,SPARKING,255102,252581,2452778,170556,168039,0.1462,0.251,507683
2nd Form Cell,BLU,SPARKING,246341,253828,2350483,161453,166355,0.1338,0.2321,500169
 Super Trunks,RED,SPARKING,251308,240403,2554700,173132,172278,0.1298,0.2286,491711
Super Saiyan Goku,PUR,SPARKING,256375,271524,2428256,161453,163070,0.1512,0.2584,527899
Fused with Kami Piccolo,YEL,SPARKING,253854,216435,2350483,184115,180488,0.1344,0.22640000000000002,470289
 Android #17,PUR,SPARKING,253828,262212,2303949,168885,170577,0.1293,0.22089999999999999,516040
 Fusion Zamasu,RED,SPARKING,262219,250072,2477425,174674,171225,0.14029999999999998,0.2434,512291
 Android #18,YEL,SPARKING,227232,227220,2529538,172949,178201,0.1491,0.247,454452
 Super Saiyan Gohan & Trunks (Youth),BLU,SPARKING,253841,253841,2404098,182297,185038,0.1361,0.2286,507682
Super Saiyan Goten (Kid),PUR,SPARKING,257660,246467,2280914,171423,166372,0.13470000000000001,0.2347,504127
Super Saiyan God SS Goku,BLU,SPARKING,251314,253848,2386148,173807,175549,0.1267,0.20989999999999998,505162
 Tamagami Number Three,PUR,SPARKING,251415,233075,2580731,175667,177409,0.13119999999999998,0.21660000000000001,484490
Super Saiyan Goku (Mini),RED,SPARKING,266272,239311,2477649,174779,172184,0.1441,0.2511,505583
 Videl,BLU,SPARKING,250186,228461,2404199,163972,163151,0.1557,0.2564,478647
Super Saiyan 2 Goku,GRN,SPARKING,268942,255203,2504349,175641,172184,0.1331,0.2213,524145
 Vegeta,RED,SPARKING,244145,230739,2428478,179676,177894,0.1324,0.2268,474884
Super Saiyan Trunks (Teen),BLU,SPARKING,257504,244133,2502295,157566,157566,0.1398,0.23329999999999998,501637
Perfect Form & Final Form Cell & Frieza,BLU,SPARKING,262058,239323,2374321,163980,162355,0.1377,0.24350000000000002,501381
 Goku Black,YEL,SPARKING,252657,244133,2527438,177894,178789,0.1427,0.23870000000000002,496790
 Mai,RED,SPARKING,228256,250173,2452757,172175,173899,0.14429999999999998,0.23920000000000002,478429
 Vegito,GRN,SPARKING,247666,264937,2606662,173042,176525,0.12869999999999998,0.23870000000000002,512603
 Glorio,YEL,SPARKING,247690,266285,2477526,168148,173233,0.13119999999999998,0.21989999999999998,513975
 Goku (Mini),BLU,SPARKING,250161,250161,2580859,176521,175650,0.12869999999999998,0.2188,500322
 Hyper Meta-Rilldo,YEL,SPARKING,263655,223949,2453002,171516,169807,0.13949999999999999,0.23129999999999998,487604
 Goku (Mini),GRN,SPARKING,259041,241710,2453002,168140,164814,0.1492,0.2311,500751
 Majin Buu (Good): Hercule (Assist),YEL,SPARKING,239323,221994,2529639,175641,173908,0.14980000000000002,0.2413,461317
Super Saiyan 3 Gotenks,RED,SPARKING,266285,266272,2504349,175659,173917,0.1331,0.2213,532557
Super Saiyan 3 Goku,PUR,SPARKING,233176,235489,2567866,175751,172276,0.1462,0.2291,468665
 Rasin: Lakasei (Assist),YEL,SPARKING,233176,217711,2428579,175751,175760,0.1464,0.2651,450887
 Cacao,RED,SPARKING,252795,239436,2453103,177510,177510,0.13699999999999998,0.2288,492231
 Amond,GRN,SPARKING,244246,247791,2514968,160846,164089,0.1377,0.24109999999999998,492037
 Daiz,PUR,SPARKING,255304,254024,2502521,162456,162464,0.1377,0.2266,509328
 Goku,YEL,SPARKING,255304,266373,2529740,172293,174880,0.134,0.2311,521677
 Boujack,BLU,SPARKING,263743,250274,2248512,162456,162464,0.134,0.2346,514017
 Garlic Jr.,PUR,SPARKING,234685,228562,2580960,176622,177519,0.1508,0.2487,463247
 Piccolo & Goku,RED,SPARKING,244246,255304,2490074,174018,174009,0.1414,0.23879999999999998,499550
 Jiren,PUR,SPARKING,266386,229724,2428579,162464,161501,0.1378,0.237,496110
Super Saiyan Goku,YEL,SPARKING,228562,259142,2398278,164915,169916,0.1377,0.2288,487704
Super Saiyan Broly,RED,SPARKING,266373,252783,2428579,174009,173138,0.1353,0.2311,519156
Super Saiyan Goten (Kid),PUR,SPARKING,217711,239412,2580702,184322,183413,0.135,0.23120000000000002,457123
 Omega Shenron,GRN,SPARKING,250287,261125,2428579,175760,179287,0.1362,0.245,511412
 Syn Shenron,RED,SPARKING,241912,247892,2580933,172394,175843,0.1307,0.2114,489804
Super Saiyan Trunks (Adult) (Rage),PUR,SPARKING,255392,266474,2477480,154463,156008,0.1334,0.2212,521866
 Majin Buu: Pure Evil,GRN,SPARKING,229808,245559,2440880,178987,177223,0.1411,0.23260000000000003,475367
 Ultimate Gohan,PUR,SPARKING,256684,271827,2529588,175852,174110,0.13,0.2192,528511
God of Destruction Beerus,BLU,SPARKING,239537,267809,2477851,160955,164182,0.1378,0.23120000000000002,507346
Super Saiyan God Goku,GRN,SPARKING,266474,263844,2453081,170859,166666,0.14429999999999998,0.2389,530318
 Bulma (Youth),BLU,SPARKING,255417,277543,2404401,153684,158340,0.1263,0.2189,532960
 Android #18,YEL,SPARKING,227540,232098,2517132,174981,173256,0.13970000000000002,0.24760000000000001,459638
East Supreme Kai Shin,RED,SPARKING,228674,244335,2452959,172377,174101,0.1463,0.2415,473009
 Broly: Fury,GRN,SPARKING,269144,241924,2428680,175852,172394,0.13140000000000002,0.22460000000000002,511068
 Vegeta & Goku,BLU,SPARKING,256684,255392,2428680,174101,172377,0.1377,0.2439,512076
Super Saiyan God SS Goku & Vegeta,YEL,SPARKING,272064,259243,2502622,170678,174119,0.1378,0.2212,531307
 Nappa,PUR,SPARKING,244323,252859,2395886,172377,172386,0.14,0.2289,497182
 Yamcha,BLU,SPARKING,266474,216722,2578249,168333,168325,0.1393,0.2412,483196
 Goku,YEL,SPARKING,270479,233254,2450531,168325,166658,0.1315,0.23120000000000002,503733
 Raditz,RED,SPARKING,246884,247968,2408023,168426,166759,0.133,0.2213,494852
Trunks (Parasitism) Baby,GRN,SPARKING,223410,262623,2339312,167609,169276,0.1435,0.24280000000000002,486033
 Super Baby 2,YEL,SPARKING,259344,237238,2529942,179489,174211,0.1494,0.24670000000000003,496582
 Broly: Fury,BLU,SPARKING,242013,250464,2351122,168434,170118,0.1362,0.2191,492477
 Android #16,GRN,SPARKING,249229,246745,2428781,176837,175953,0.1368,0.2235,495974
 Super Vegeta,RED,SPARKING,265260,258064,2428659,175078,173344,0.1444,0.239,523324
1st Form Cell,YEL,SPARKING,240819,216839,2504652,176837,175086,0.14279999999999998,0.23129999999999998,457658
 Super #17,RED,SPARKING,250464,260006,2581162,172495,175953,0.1405,0.2339,510470
Red Ribbon Army Piccolo,PUR,SPARKING,245660,242037,2374624,164283,161056,0.14300000000000002,0.239,487697
 Rage Shenron,YEL,SPARKING,229909,251718,2515170,173357,176824,0.13849999999999998,0.2281,481627
 Bulla: Vegeta (Assist),PUR,SPARKING,252985,239602,2428781,166776,173536,0.1364,0.23739999999999997,492587
 Whis,PUR,SPARKING,254226,242013,2372274,166767,163475,0.1356,0.22579999999999997,496239
 Pan: Trunks & Giru (Assist),YEL,SPARKING,263945,228752,2428781,170126,170118,0.13269999999999998,0.2249,492697
 Goku,BLU,SPARKING,258064,261314,2529942,175953,174211,0.13140000000000002,0.2351,519378
God of Destruction Beerus,BLU,SPARKING,218014,232317,2248815,163576,168367,0.1565,0.2797,450331
 Goku & Bardock,BLU,SPARKING,261415,250565,2581263,171061,170219,0.1445,0.2391,511980
Final Form Frieza,GRN,SPARKING,259445,233456,2304454,168544,168535,0.1328,0.23170000000000002,492901
 Golden Frieza,GRN,SPARKING,246972,259451,2428639,153893,156054,0.1368,0.2451,506423
 Gotenks,YEL,SPARKING,228865,228865,2657638,172778,171928,0.1431,0.2391,457730
 Ultimate Gohan,RED,SPARKING,255619,253086,2568170,171928,170227,0.1303,0.2192,508705
 Cooler,GRN,SPARKING,257908,228865,2350988,161157,159556,0.1505,0.2565,486773
 Golden Frieza,YEL,SPARKING,235804,268004,2416440,166868,169212,0.1304,0.2259,503808
Super Saiyan God SS Evolved & Super Saiyan God SS Kaioken Vegeta & Goku,GRN,SPARKING,253061,272029,2581006,163576,167538,0.1381,0.2439,525090
Super Saiyan Gohan (Youth),BLU,SPARKING,198287,256886,2351104,176063,177822,0.14029999999999998,0.249,455173
 Pikkon,GRN,SPARKING,248094,256886,2351105,170227,170219,0.1329,0.2214,504980
Hero Tapion,PUR,SPARKING,253086,239715,2478053,172778,171928,0.1266,0.2072,492801
 Demon King Piccolo,GRN,SPARKING,246954,256987,2434706,167794,169478,0.1275,0.2102,503941
 Piccolo Jr.,RED,SPARKING,249412,253174,2502800,172012,168636,0.1332,0.2191,502586
 Goku,GRN,SPARKING,232401,249545,2555434,170973,172680,0.1318,0.2257,481946
 Master Roshi,YEL,SPARKING,242239,253187,2465584,168645,172021,0.1317,0.22149999999999997,495426
 Android #8,BLU,SPARKING,258925,228966,2410610,174422,176164,0.1292,0.22149999999999997,487891
 Goku (Youth),PUR,SPARKING,255720,261516,2594201,172688,174413,0.1381,0.2339,517236
Super Saiyan Goku,BLU,SPARKING,269447,266777,2339280,174404,174413,0.1155,0.2339,536224
 Recoome & Guldo,YEL,SPARKING,231267,228966,2555435,169283,180579,0.1432,0.2464,460233
 Jeice & Burter,RED,SPARKING,245862,266790,2479816,172012,170312,0.1317,0.22149999999999997,512652
 Captain Ginyu,PUR,SPARKING,251945,243439,2416783,169478,169478,0.1388,0.235,495384
 Goku,YEL,SPARKING,264133,231244,2428983,166961,172012,0.135,0.23149999999999998,495377
 Android #18,RED,SPARKING,228966,237429,2453384,178802,176155,0.1446,0.23149999999999998,466395
Super Saiyan Gohan (Youth),GRN,SPARKING,245868,234731,2644258,171183,171175,0.12539999999999998,0.21710000000000002,480599
Perfect Form Cell,PUR,SPARKING,264133,261529,2416783,177923,176172,0.1388,0.2327,525662
 Goku Black,RED,SPARKING,245938,264234,2271722,156412,154860,0.13449999999999998,0.24170000000000003,510172
 Gohan,RED,SPARKING,242328,239917,2555662,167057,162969,0.1382,0.23170000000000002,482245
Power Awakening Piccolo,GRN,SPARKING,261643,253288,2351190,157184,159551,0.1484,0.25420000000000004,514931
 Magenta,GRN,SPARKING,253288,233681,2404805,172798,172130,0.1368,0.2477,486969
 Gamma 1 & Gamma 2,YEL,SPARKING,264234,269782,2465685,172130,168754,0.1331,0.23399999999999999,534016
 Android #13,BLU,SPARKING,252021,238741,2465932,167912,167912,0.1365,0.225,490762
Final Form Cooler,GRN,SPARKING,231368,265543,2249128,161359,166236,0.1368,0.2441,496911
Super Saiyan God SS Vegeta,GRN,SPARKING,247174,245957,2478008,160538,160390,0.1383,0.2316,493131
 Ultimate Gohan,YEL,SPARKING,262231,245969,2304656,161351,160398,0.1383,0.23399999999999999,508200
 Kyawei,GRN,SPARKING,248410,242316,2465685,162148,161198,0.1441,0.2404,490726
 Kahseral,RED,SPARKING,259647,230217,2429084,170421,167749,0.1383,0.2316,489864
 Jiren,YEL,SPARKING,253288,247187,2453485,172798,176963,0.12689999999999999,0.2116,500475
 Goku & Final Form Frieza,PUR,SPARKING,272231,265563,2542700,168729,166083,0.142,0.2441,537794
Super Saiyan 3 & Super Saiyan 2 Goku & Vegeta,BLU,SPARKING,253565,264519,2525373,175029,173300,0.1376,0.23170000000000002,518084
 Pui Pui,GRN,SPARKING,246222,253539,2400180,167470,160963,0.1406,0.24170000000000003,499761
2nd Form Cell,RED,SPARKING,258030,249793,2448763,165825,166647,0.1383,0.22940000000000002,507823
Super Saiyan Trunks (Adult),PUR,SPARKING,263196,253565,2448642,165002,165002,0.1356,0.22940000000000002,516761
Super Saiyan 2 Trunks (Adult),BLU,SPARKING,242573,240196,2346670,161753,161761,0.1441,0.24420000000000003,482769
 Master Roshi,YEL,SPARKING,254820,272785,2487576,161749,162397,0.13019999999999998,0.21489999999999998,527605
Super Saiyan God SS Goku,GRN,SPARKING,265842,267164,2311779,153330,155486,0.1493,0.2376,533006
Super Saiyan 2 Kefla,PUR,SPARKING,242585,267164,2424288,155626,154707,0.13470000000000001,0.2341,509749
 Saiyan in Red,RED,SPARKING,242573,267151,2473362,152570,155633,0.1351,0.23199999999999998,509724
 Zahha,BLU,SPARKING,251030,233921,2370360,152570,156401,0.15130000000000002,0.252,484951
 Giblet,RED,SPARKING,244840,246039,2581566,163879,168830,0.1331,0.2242,490879
Super Saiyan Goku,RED,SPARKING,245010,256727,2485784,162567,160947,0.1293,0.23199999999999998,501737
Super Saiyan Broly: Full Power,BLU,SPARKING,251143,242686,2615285,166377,166385,0.1283,0.2118,493829
 Fusion Zamasu,GRN,SPARKING,263297,240309,2448742,163466,161862,0.1333,0.22399999999999998,503606
 Zamasu,BLU,SPARKING,248671,248683,2589146,168868,165552,0.136,0.22399999999999998,497354
Super Saiyan 2 & Super Saiyan God SS Trunks (Adult) & Vegeta,YEL,SPARKING,248658,265943,2602345,167202,170551,0.13699999999999998,0.22949999999999998,514601
 Android #17,BLU,SPARKING,264607,268827,2600186,168035,168717,0.1406,0.2365,533434
 Super #17,YEL,SPARKING,259509,246287,2424612,157402,161334,0.136,0.2243,505796
 Buu: Super,PUR,SPARKING,238009,245212,2300429,158945,157394,0.1485,0.2662,483221
 Android #17,PUR,SPARKING,238009,239174,2550942,168153,171511,0.13970000000000002,0.2322,477183
Super Saiyan 4 Goku & Vegeta,GRN,SPARKING,266044,262102,2551070,164382,164374,0.142,0.2299,528146
 Pan,RED,SPARKING,242900,238110,2358758,168245,169920,0.1423,0.2445,481010
 Goku Black,BLU,SPARKING,235746,245313,2394353,153637,158274,0.14880000000000002,0.266,481059
 Mecha Frieza,PUR,SPARKING,250096,260900,2300530,165305,167773,0.1348,0.2297,510996
Super Saiyan Trunks (Teen),GRN,SPARKING,263519,256390,2500310,165305,163676,0.1386,0.24960000000000002,519909
Final Form Cooler,RED,SPARKING,275802,248860,2461242,166128,161266,0.1335,0.2521,524662
 Metal Cooler,BLU,SPARKING,234236,253855,2400482,162878,162878,0.1393,0.23199999999999998,488091
Power Awakening Piccolo,PUR,SPARKING,251358,262229,2448944,166120,164499,0.1309,0.2231,513587
Beast Gohan,BLU,SPARKING,264936,264923,2563828,170029,170021,0.136,0.24969999999999998,529859
Perfect Form Cell,YEL,SPARKING,241783,237041,2400583,165406,163786,0.1459,0.23440000000000003,478824
 Tien,BLU,SPARKING,229753,264923,2412397,162955,164576,0.13720000000000002,0.237,494676
Ultimate Gohan Absorbed Buu: Super,RED,SPARKING,247743,244202,2436991,159938,158371,0.1392,0.25120000000000003,491945
 Majin Vegeta,PUR,SPARKING,240600,249075,2551144,162963,162955,0.13720000000000002,0.24,489675
Hero Tapion,YEL,SPARKING,254070,238312,2358960,164685,164693,0.1374,0.2422,492382
Super Saiyan 3 Goku,GRN,SPARKING,268992,251547,2449391,163072,159871,0.14529999999999998,0.24230000000000002,520539
 Tien,GRN,SPARKING,240701,265037,2323836,154603,159892,0.13390000000000002,0.2369,505738
 Krillin,YEL,SPARKING,240701,237142,2400684,166773,169936,0.1365,0.23920000000000002,477843
 Goku,PUR,SPARKING,257860,244308,2323953,163056,162097,0.1376,0.22219999999999998,502168
Super Saiyan Vegeta,BLU,SPARKING,256579,245515,2323836,161452,162105,0.1376,0.2346,502094
Ultra Instinct Goku,RED,SPARKING,271664,266353,2500637,163056,160510,0.1426,0.2447,538017
 Gamma 2,BLU,SPARKING,270650,239573,2437334,163940,163932,0.13369999999999999,0.2218,510223
 Gamma 1,GRN,SPARKING,245470,259897,2461812,163932,165561,0.13369999999999999,0.2218,505367
Super Saiyan Gogeta,PUR,SPARKING,254158,254158,2498812,157007,156239,0.1338,0.23,508316
 Android #17 & Android #18,RED,SPARKING,250469,261275,2513419,170278,171120,0.1338,0.2296,511744
Super Saiyan Trunks (Teen),YEL,SPARKING,255490,252979,2312498,163218,164025,0.1375,0.2296,508469
 Whis,PUR,SPARKING,234978,246649,2437313,161593,160815,0.1456,0.2544,481627
 Golden Frieza,GRN,SPARKING,258038,259991,2323994,162420,159869,0.134,0.2241,518029
Super Saiyan God SS Vegeta,BLU,SPARKING,243246,259053,2312615,159397,153990,0.1441,0.2371,502299
Super Saiyan God SS Goku,RED,SPARKING,237409,237962,2437414,161694,162504,0.1478,0.242,475371
God of Destruction Beerus,BLU,SPARKING,258808,236244,2413181,155611,158557,0.1485,0.2468,495052
 Jiren: Full Power,PUR,SPARKING,267945,262712,2365199,165747,161550,0.1303,0.2198,530657
 Android #18,GRN,SPARKING,249352,238586,2389069,161718,164952,0.1425,0.2343,487938
Final Form Frieza,BLU,SPARKING,250582,261376,2289609,158722,160297,0.1389,0.2334,511958
Kaioken Goku,GRN,SPARKING,265312,244578,2312716,162504,164117,0.1375,0.2299,509890
 Bardock,YEL,SPARKING,256890,256890,2460095,163013,162207,0.13849999999999998,0.23010000000000003,513780
1st Form Frieza,GRN,SPARKING,254946,240258,2411262,160602,159005,0.1422,0.2401,495204
 Zamasu: Goku Black (Assist),GRN,SPARKING,235491,237880,2664962,158989,160586,0.1436,0.2437,473371
Super Saiyan Trunks (Adult),BLU,SPARKING,271622,251174,2435374,165482,163836,0.133,0.2255,522796
 Broly,GRN,SPARKING,270392,229431,2460196,161501,162308,0.1358,0.2279,499823
Super Saiyan God SS Goku & Vegeta,PUR,SPARKING,256991,256991,2484796,163114,162308,0.1358,0.2302,513982
Super Saiyan Rosé Goku Black,YEL,SPARKING,251250,237969,2460074,153794,155337,0.1496,0.2378,489219
Fused with Nail Piccolo,RED,SPARKING,263495,240359,2484672,162308,159106,0.1358,0.2256,503854
Super Saiyan Goku,YEL,SPARKING,251275,240347,2472435,166053,166045,0.1358,0.2279,491622
 Gohan (Kid): Piccolo (Assist),GRN,SPARKING,250001,255700,2366842,159275,156125,0.14029999999999998,0.239,505701
 Vegeta,RED,SPARKING,262266,238046,2482314,160788,159191,0.1476,0.2391,500312
 Perfect Cell,PUR,SPARKING,263670,251452,2486914,162526,162518,0.136,0.2304,515122
Super Saiyan 2 Caulifla: Kale (Assist),YEL,SPARKING,251465,250222,2435798,149445,149306,0.1426,0.24280000000000002,501687
God of Destruction Toppo,GRN,SPARKING,236976,265013,2524652,160106,163975,0.1305,0.22149999999999997,501989
Super Saiyan God SS Evolved Vegeta,YEL,SPARKING,255249,261070,2512030,157711,159934,0.1375,0.235,516319
Legendary Super Saiyan Broly,PUR,SPARKING,255249,240561,2411565,151703,148714,0.1461,0.2504,495810
 Majuub,YEL,SPARKING,246505,246493,2435677,159300,165776,0.1373,0.2341,492998
Super Saiyan 3 Goku,BLU,SPARKING,248979,233440,2334441,157719,164945,0.1438,0.2455,482419
Final Form Frieza: Full Power,YEL,SPARKING,250405,262569,2411526,157308,158883,0.13970000000000002,0.2384,512974
Super Saiyan Trunks (Teen),GRN,SPARKING,252928,243164,2387655,161107,162720,0.1349,0.2329,496092
 Boujack,RED,SPARKING,237202,237178,2550096,158711,163535,0.1369,0.2364,474380
Super Saiyan Gohan (Youth),PUR,SPARKING,263899,243164,2411767,157324,157316,0.12990000000000002,0.22829999999999998,507063
Super Saiyan Trunks (Kid),GRN,SPARKING,239311,260333,2327084,168131,168140,0.1361,0.2348,499644
 Gohan (Kid),BLU,SPARKING,244133,266259,2371734,162355,163980,0.135,0.2299,510392
Super Saiyan God SS Goku,PUR,SPARKING,249269,246796,2460578,149751,149751,0.1412,0.23070000000000002,496065
Super Saiyan God Goku,GRN,SPARKING,246796,227644,2458143,151257,156614,0.1444,0.248,474440
Super Saiyan 3 Goku,YEL,SPARKING,251780,232228,2448217,159603,162805,0.1362,0.2286,484008
Super Saiyan 2 Goku,BLU,SPARKING,227667,232228,2411747,161990,159603,0.1477,0.2534,459895
Super Saiyan Goku,YEL,SPARKING,240864,249257,2411868,140874,146595,0.1499,0.256,490121
 Goku,RED,SPARKING,254278,237256,2275996,155850,152770,0.1444,0.23829999999999998,491534
Super Saiyan 2 Kefla,RED,SPARKING,258202,253136,2487318,155943,153493,0.1315,0.23309999999999997,511338
Super Saiyan God SS Vegito,PUR,SPARKING,246897,249370,2460680,157336,163724,0.1378,0.2366,496267
Half-Corrupted Fusion Zamasu,RED,SPARKING,272329,249395,2436080,151350,149860,0.1429,0.2432,521724
Super Saiyan 4 Gogeta,GRN,SPARKING,260177,249358,2460680,165000,166651,0.1377,0.2345,509535
 Android #17,YEL,SPARKING,261468,239752,2436081,159704,161949,0.1329,0.23309999999999997,501220
 Android #18,BLU,SPARKING,249471,248228,2448419,161410,162050,0.133,0.2332,497699
Super Saiyan 4 Goku,YEL,SPARKING,261569,251957,2460780,154508,156052,0.14279999999999998,0.2311,513526
Super Saiyan God SS Goku,BLU,SPARKING,244674,228986,2370132,157433,160595,0.1487,0.24989999999999998,473660
 Trunks: Mai (Assist),RED,SPARKING,246998,246998,2358167,159186,156835,0.14300000000000002,0.2409,493996
Super Saiyan Rosé Goku Black,PUR,SPARKING,260265,251969,2510348,154501,155276,0.14300000000000002,0.23850000000000002,512234
 Demon King Piccolo (Aged),PUR,SPARKING,233968,251969,2405788,158391,157611,0.1353,0.22829999999999998,485937
Super Saiyan Broly,YEL,SPARKING,262986,249585,2436526,153081,155373,0.1408,0.23329999999999998,512571
 Bulma (Youth),PUR,SPARKING,221518,241155,2163997,158317,159898,0.1531,0.2612,462673
 Vegeta,YEL,SPARKING,227970,231368,2436404,154602,156145,0.1531,0.2639,459338
 Buu: Kid,BLU,SPARKING,248336,268265,2436283,161495,161503,0.1328,0.2289,516601
Super Saiyan Gohan,YEL,SPARKING,252058,238777,2512385,171903,168528,0.13390000000000002,0.2321,490835
 Goku,PUR,SPARKING,229110,229110,2652744,162309,162309,0.1424,0.24969999999999998,458220
 Vegeta,RED,SPARKING,236399,255855,2358268,141177,145446,0.138,0.23559999999999998,492254
Final Form Frieza,RED,SPARKING,242438,254695,2412031,161612,160015,0.1381,0.2311,497133
Super Saiyan Broly: Full Power,BLU,SPARKING,264377,252184,2537853,161596,158426,0.133,0.2334,516561
Ultra Instinct -Sign- Goku,PUR,SPARKING,279502,271301,2288700,145547,142694,0.1482,0.25739999999999996,550803
 Metal Cooler,GRN,SPARKING,245963,248437,2346642,157034,157034,0.1505,0.2322,494400
Super Saiyan Vegeta,PUR,SPARKING,236590,230441,2523136,163762,163770,0.1396,0.2335,467031
 Goku Black,GRN,SPARKING,246165,253635,2498268,155676,157236,0.1477,0.23010000000000003,499800
 Great Saiyaman 1 & 2 (Assist),RED,SPARKING,249875,226003,2335116,156456,153384,0.1574,0.26649999999999996,475878
 Vegeta,BLU,SPARKING,241559,230643,2388463,163512,161100,0.13699999999999998,0.23600000000000002,472202
Perfect Form Cell,RED,SPARKING,241547,239157,2090082,92369,93278,0.1508,0.2514,480704
 Trunks (Kid),GRN,SPARKING,241559,236426,2189432,152720,151215,0.1343,0.23370000000000002,477985
 Goten (Kid),YEL,SPARKING,245179,221921,2266127,161282,155021,0.1343,0.23370000000000002,467100
 Dyspo,RED,SPARKING,243972,245066,2211645,144427,144420,0.159,0.264,489038
 Toppo,BLU,SPARKING,241559,231795,2436564,157155,163520,0.1384,0.23370000000000002,473354
 Jiren,GRN,SPARKING,275677,226115,2388463,159683,155005,0.136,0.2214,501792
Super Saiyan Goku,GRN,SPARKING,245042,230643,2175325,160302,165955,0.14859999999999998,0.2489,475685
 Turles,YEL,SPARKING,227334,253837,2347046,158039,159620,0.1406,0.2373,481171
 Hit,PUR,SPARKING,269003,240453,2358773,145236,149621,0.1472,0.2515,509456
Wasteland Bandit Yamcha,GRN,SPARKING,264908,219940,2289205,162101,160504,0.1487,0.2566,484848
Gotenks Absorbed Buu: Super,BLU,SPARKING,224081,253938,2256610,155223,158334,0.1502,0.2416,478019
 Gohan (Adult),BLU,SPARKING,234301,239371,2312312,152930,149926,0.1386,0.2316,473672
Super Full Power Saiyan 4 Goku,GRN,SPARKING,242967,257114,2347381,161318,161302,0.1444,0.2351,500081
 Omega Shenron,RED,SPARKING,249042,246594,2473950,156096,159199,0.1394,0.2328,495636
 Fusion Zamasu,PUR,SPARKING,237106,261099,2511156,157624,156852,0.1387,0.22940000000000002,498205
Super Saiyan Trunks (Adult) (Rage),YEL,SPARKING,220019,250292,2550952,167097,163831,0.1346,0.22940000000000002,470311
Super Saiyan God SS Vegito,BLU,SPARKING,269191,252777,2486187,156852,156860,0.1424,0.2429,521968
Super Saiyan God SS Vegeta,PUR,SPARKING,224160,256562,2511156,155308,158419,0.1373,0.22940000000000002,480722
Super Saiyan God SS Goku,RED,SPARKING,247806,218933,2486311,160605,165444,0.1373,0.23170000000000002,466739
Super Saiyan Gotenks,RED,SPARKING,240746,229870,2266430,160834,153074,0.13470000000000001,0.2375,470616
 Pikkon,RED,SPARKING,211571,245583,2359076,143401,149172,0.1475,0.2568,457154
Super Kaioken Goku,GRN,SPARKING,240756,252891,2461689,146254,144817,0.1489,0.2518,493647
 Vegito,YEL,SPARKING,238457,254198,2335621,150900,147955,0.1348,0.2376,492655
 Bardock,RED,SPARKING,239634,232264,2461689,149424,149417,0.1361,0.2318,471898
1st Form Frieza,PUR,SPARKING,218115,242137,2323994,155573,155573,0.1519,0.2632,460252
 Lavender,PUR,SPARKING,240857,244347,2324226,148540,147088,0.1528,0.2506,485204
 Bergamo,RED,SPARKING,240857,244477,2413080,162420,164016,0.1375,0.23190000000000002,485334
 Basil,BLU,SPARKING,255490,238491,2335838,144918,144925,0.152,0.2519,493981
 Android #21: Good,GRN,SPARKING,237320,253622,2437435,155526,158629,0.1424,0.2389,490942
 Android #21,RED,SPARKING,225480,250481,2461790,157070,158629,0.1505,0.2519,475961
 Android #21: Evil,PUR,SPARKING,246852,218115,2437313,151024,152522,0.1325,0.22190000000000001,464967
 Android #21,BLU,SPARKING,225565,214905,2212150,156341,156349,0.1426,0.2504,440470
 Baby Vegeta,GRN,SPARKING,221391,233860,2437435,154805,154789,0.1534,0.2671,455251
1st Form Cell,GRN,SPARKING,226779,239836,2401064,145077,149426,0.14550000000000002,0.2557,466615
Super Saiyan Trunks (Teen),RED,SPARKING,254400,222584,2289494,157994,159562,0.13720000000000002,0.2396,476984
Super Saiyan 2 Kefla,GRN,SPARKING,269344,238659,2312716,149626,146696,0.139,0.2343,508003
 Super Baby 2,BLU,SPARKING,217157,227902,2437292,161759,164978,0.13849999999999998,0.24559999999999998,445059
 Super Janemba,RED,SPARKING,244006,216521,2369289,159256,160845,0.14679999999999999,0.249,460527
 Super Gogeta,GRN,SPARKING,236942,247711,2334106,154710,150146,0.1373,0.2463,484653
Super Saiyan Vegeta,BLU,SPARKING,215006,254400,2312716,151863,155658,0.134,0.22870000000000001,469406
Super Saiyan God Goku,PUR,SPARKING,223725,230536,2459972,155112,158243,0.1378,0.2324,454261
Super Saiyan God SS Gogeta,YEL,SPARKING,272979,267589,2459972,157416,157408,0.142,0.2324,540568
Kakarot Goku,RED,SPARKING,238018,219674,2460074,153080,154617,0.13949999999999999,0.2378,457692
 Broly: Cheelai (Assist),BLU,SPARKING,246342,241622,2484672,151551,153073,0.1359,0.2402,487964
Hero Tapion,RED,SPARKING,246430,207986,2334239,155425,150845,0.1547,0.2514,454416
 Eis Shenron,BLU,SPARKING,245079,258281,2345733,154581,160865,0.1364,0.2416,503360
 Syn Shenron,YEL,SPARKING,238018,236841,2435475,161563,163168,0.1332,0.2279,474859
 Nuova Shenron,YEL,SPARKING,256991,230930,2357579,160711,164744,0.145,0.2404,487921
Super Saiyan 4 Vegeta,RED,SPARKING,229502,258354,2210433,156169,153073,0.13449999999999998,0.2325,487856
Super Saiyan 4 Goku,PUR,SPARKING,250084,216399,2334121,154617,156169,0.1416,0.2527,466483
Final Form Frieza,RED,SPARKING,233482,218729,2311114,152448,150181,0.1333,0.22460000000000002,452211
 Cooler,PUR,SPARKING,212284,201685,2411464,156141,161686,0.136,0.2361,413969
Super Saiyan God SS Vegeta,GRN,SPARKING,246519,235838,2411464,155526,156306,0.1431,0.249,482357
Super Saiyan Rosé Goku Black,RED,SPARKING,242856,239388,2472536,147944,149435,0.1438,0.24780000000000002,482244
 Buu: Kid,GRN,SPARKING,247730,242962,2411565,158673,155547,0.1423,0.2382,490692
Ultimate Gohan Absorbed Buu: Super,PUR,SPARKING,217721,245642,2363820,154070,155630,0.138,0.2318,463363
 Raditz,GRN,SPARKING,222071,242888,2334441,154819,151753,0.14980000000000002,0.24789999999999998,464959
 Gohan,GRN,SPARKING,214516,244182,2311100,143491,146382,0.139,0.2416,458698
 Vegeta,BLU,SPARKING,231252,219928,2277948,139255,142067,0.131,0.22149999999999997,451180
 Full Power Boujack,PUR,SPARKING,258616,235927,2435677,152561,152569,0.131,0.22149999999999997,494543
 Bardock,YEL,SPARKING,238282,238294,2497359,151039,149541,0.1361,0.22920000000000001,476576
God of Destruction Champa,YEL,SPARKING,233190,259900,2387554,155640,152576,0.14400000000000002,0.2351,493090
 Piccolo,YEL,SPARKING,215642,227511,2357763,161842,160252,0.1398,0.23809999999999998,443153
 Goku,BLU,SPARKING,230940,224140,2311201,161842,159442,0.1362,0.2305,455080
Super Saiyan 3 Goku,GRN,SPARKING,236040,265251,2265445,157901,157909,0.1433,0.2375,501291
Goku Captain Ginyu,RED,SPARKING,238496,210196,2311302,139457,143686,0.12869999999999998,0.2228,448692
Bunny Girl Bulma (Youth),GRN,SPARKING,215905,213753,2200051,140256,145951,0.1294,0.248,429658
 Android #18,RED,SPARKING,210589,236218,2288410,162090,161291,0.1435,0.257,446807
 Goku,GRN,SPARKING,233886,238597,2460701,158894,159685,0.135,0.22949999999999998,472483
 Fusion Android #13,RED,SPARKING,245686,231566,2334744,159701,156545,0.1442,0.2443,477252
 Super #17,GRN,SPARKING,215985,242161,2311735,159802,159794,0.1465,0.2545,458146
 Goku,RED,SPARKING,238710,221162,2448563,158212,161384,0.1338,0.23420000000000002,459872
Super Saiyan Gohan (Youth),YEL,SPARKING,236319,217082,2288397,159794,159802,0.1338,0.2354,453401
 Hit,YEL,SPARKING,261729,211825,2323216,138004,142187,0.14300000000000002,0.2509,473554
Super Saiyan God SS Goku,YEL,SPARKING,241190,212890,2370132,138690,140075,0.1423,0.24719999999999998,454080
 Vados,GRN,SPARKING,238777,227970,2388059,141177,146165,0.1563,0.2716,466747
 Android #15,PUR,SPARKING,212980,212991,2311706,153175,153175,0.1555,0.26489999999999997,425971
 Android #14,GRN,SPARKING,246090,181304,2436627,153268,151754,0.1344,0.22440000000000002,427394
 Android #13,BLU,SPARKING,219284,248564,2335030,146559,150989,0.1368,0.2369,467848
 Trunks (Teen),PUR,SPARKING,251039,206572,2288700,140283,137534,0.139,0.24230000000000002,457611
 Buu: Kid,RED,SPARKING,243664,217364,2388399,157894,154797,0.1368,0.2299,461028
 Super Vegito,PUR,SPARKING,247440,219638,2412373,149591,146660,0.149,0.2562,467078
 Goku,BLU,SPARKING,218663,251266,2277634,143681,145119,0.1336,0.2336,469929
Final Form Frieza: Full Power,YEL,SPARKING,228401,230660,2424348,158717,163511,0.1316,0.23010000000000003,459061
 Golden Frieza,GRN,SPARKING,239191,252503,2266253,147298,142983,0.1356,0.22899999999999998,491694
Super Saiyan God SS Vegeta,PUR,SPARKING,247541,226119,2312240,142969,142969,0.139,0.2324,473660
Super Saiyan God SS Goku,BLU,SPARKING,234593,239304,2312225,153544,146855,0.1384,0.228,473897
Ultimate Gohan Absorbed Buu: Super,GRN,SPARKING,242779,219851,2388702,149801,149808,0.1457,0.2462,462630
Fused with Kami Piccolo,YEL,SPARKING,206874,239304,2111180,145946,148859,0.1435,0.24280000000000002,446178
 Metal Cooler,RED,SPARKING,215616,219952,2436788,146963,148425,0.1458,0.254,435568
Legendary Super Saiyan Broly,GRN,SPARKING,229811,215727,2437132,159020,155895,0.1437,0.24280000000000002,445538
Super Saiyan Goku,YEL,SPARKING,215717,215738,2335535,156059,153773,0.1508,0.26289999999999997,431455
Super Saiyan Gohan (Teen),BLU,SPARKING,234795,221140,2412656,157453,162199,0.13949999999999999,0.2452,455935
Super Saiyan Goten (Kid),PUR,SPARKING,234783,250319,2335419,147064,151494,0.1379,0.2304,485102
Taitans Yamcha,PUR,SPARKING,194436,190611,2389005,117146,120662,0.151,0.2696,385047
 Buu: Super,PUR,SPARKING,249170,252919,2168181,147687,143387,0.12480000000000001,0.2127,502089
Super Saiyan 3 Gotenks,YEL,SPARKING,236068,216894,2080097,164730,161502,0.1452,0.24170000000000003,452962
 Hyper Meta-Rilldo,RED,SPARKING,251771,215929,2190165,153210,153202,0.1286,0.21850000000000003,467700
 Gotenks,GRN,SPARKING,218193,196556,2244209,147897,143582,0.1319,0.223,414749
 Gogeta,BLU,SPARKING,226736,239809,2234476,143582,143575,0.13119999999999998,0.2241,466545
Super Saiyan 2 Gohan (Youth),RED,SPARKING,234724,253121,2341700,153311,151804,0.1322,0.2285,487845
 Perfect Cell,YEL,SPARKING,248248,226826,2301104,145114,146552,0.1363,0.23309999999999997,475074
Super Namekian Lord Slug,BLU,SPARKING,237542,214022,2359396,143676,142274,0.1295,0.213,451564
Super Saiyan 2 Vegeta,PUR,SPARKING,214001,226826,2212472,140871,145812,0.1441,0.248,440827
Super Saiyan 3 Goku,RED,SPARKING,229108,250723,2190367,137178,133183,0.12390000000000001,0.2141,479831
 Ultimate Gohan,GRN,SPARKING,248804,220723,2242392,139281,137896,0.12560000000000002,0.24489999999999998,469527
Super Saiyan God Vegeta,YEL,SPARKING,245162,200529,2232658,135864,133176,0.134,0.2437,445691
 Great Saiyaman 2,RED,SPARKING,242679,213169,2322409,142469,145345,0.1401,0.24489999999999998,455848
 Great Saiyaman 1,PUR,SPARKING,216375,237991,2166565,153007,148488,0.1304,0.2324,454366
 Rozie,YEL,SPARKING,216466,234553,2210543,148589,148596,0.1459,0.2489,451019
 Kakunsa,PUR,SPARKING,253917,207986,2288020,153888,152359,0.1444,0.22899999999999998,461903
 Launch,RED,SPARKING,246392,260963,2435697,153895,158572,0.1525,0.26289999999999997,507355
 Videl,YEL,SPARKING,233567,201738,2177654,141997,144859,0.134,0.2373,435305
 Bulma (Youth),BLU,SPARKING,191136,227439,2120671,134047,138127,0.14880000000000002,0.2655,418575
 Chi-Chi,GRN,SPARKING,221828,225168,2131273,134722,137431,0.1424,0.2415,446996
 Ribrianne,BLU,SPARKING,246620,217754,2460152,149541,154098,0.1361,0.22920000000000001,464374
Super Saiyan 2 Caulifla,PUR,SPARKING,252916,211381,2188752,146618,143716,0.1273,0.2146,464297
 Trunks (Youth),BLU,SPARKING,192292,145791,1928429,127091,129648,0.11320000000000001,0.1778,338083
Final Form Cooler,BLU,SPARKING,244399,225429,2188634,139429,140833,0.1318,0.226,469828
 Boujack,YEL,SPARKING,211532,232635,2346036,145299,146761,0.1318,0.2227,444167
God of Destruction Beerus,GRN,SPARKING,208503,239703,2323045,138123,136747,0.1293,0.2147,448206
Super Saiyan God Goku,RED,SPARKING,225882,215898,2334542,136066,140195,0.1311,0.2227,441780
Super Saiyan Broly,PUR,SPARKING,211734,238608,2436122,138912,136167,0.1478,0.2556,450342
 Nappa,BLU,SPARKING,262582,217822,2586162,162704,161091,0.1414,0.23579999999999998,480404
 Nappa (Young),PUR,SPARKING,214718,216870,2311302,149743,152763,0.1383,0.23399999999999999,431588
 Goku,PUR,SPARKING,199283,230660,2334626,151490,149258,0.1251,0.21170000000000003,429943
Super Saiyan Gohan (Teen),GRN,SPARKING,236230,219133,2288296,149094,150585,0.1442,0.22949999999999998,455363
 Chilled,PUR,SPARKING,203507,201491,2265849,142024,140619,0.1487,0.2609,404998
Super Saiyan Bardock,BLU,SPARKING,241315,218215,2132092,139903,142009,0.13019999999999998,0.222,459530
Super Saiyan 2 Goku,YEL,SPARKING,212058,212048,2323216,152461,147982,0.13390000000000002,0.23199999999999998,424106
 Super Janemba,PUR,SPARKING,206827,211008,2448419,150214,151707,0.1474,0.23850000000000002,417835
 Super Gogeta,RED,SPARKING,238911,224833,2334946,137839,140598,0.13019999999999998,0.2231,463744
 Broly: Fury,RED,SPARKING,233251,207968,2233566,139316,136571,0.12789999999999999,0.2152,441219
King of the Demon Realm Dabura,BLU,SPARKING,205919,233263,2110881,142812,140713,0.1353,0.23850000000000002,439182
Super Saiyan Gotenks,PUR,SPARKING,223820,243807,2167474,131659,140706,0.1229,0.2231,467627
 Majin Vegeta,RED,SPARKING,243921,225024,2167575,140807,140105,0.1255,0.2121,468945
Super Saiyan Goten (Kid),GRN,SPARKING,234247,185285,2102147,130622,121380,0.1023,0.2187,419532
Super Saiyan Trunks (Kid),YEL,SPARKING,204750,235528,2081125,128042,126664,0.08410000000000001,0.2077,440278
 Vegito,RED,SPARKING,215222,219537,2412272,158507,158515,0.1411,0.24230000000000002,434759
 Vegeta,GRN,SPARKING,235888,190383,2312124,147632,144742,0.1306,0.218,426271
 Goku Black,PUR,SPARKING,217566,217576,2312009,161897,160299,0.1441,0.2488,435142
Super Saiyan Kale (Berserk),RED,SPARKING,211049,227426,2364829,159638,156513,0.1258,0.21239999999999998,438475
 Zamasu,RED,SPARKING,211487,213608,2461386,147025,149219,0.1422,0.2403,425095
 Goku Black,YEL,SPARKING,200111,236102,2111492,144951,147841,0.1394,0.2415,436213
 Goku,BLU,SPARKING,225540,196260,2041412,144127,137177,0.1335,0.2183,421800
Super Saiyan 2 Trunks (Adult),BLU,SPARKING,222198,236203,2189744,137490,138856,0.12710000000000002,0.2205,458401
Super Saiyan Gohan,YEL,SPARKING,227094,216039,2358975,141413,145668,0.1334,0.226,443133
World Champion Hercule,RED,SPARKING,110721,109639,1684350,123337,125782,0.1288,0.22089999999999999,220360
 Majin Buu: Good,GRN,SPARKING,208099,213362,2287919,158447,155320,0.1281,0.2289,421461
Super Saiyan 3 Goku,PUR,SPARKING,246672,243000,2089079,130851,125721,0.1295,0.2213,489672
Super Saiyan 2 Gohan (Youth),PUR,SPARKING,222765,186584,2345338,135221,136580,0.0902,0.21539999999999998,409349
 Super Trunks,GRN,SPARKING,241917,162867,1762490,129342,129335,0.11259999999999999,0.1607,404784
Perfect Form Cell,RED,SPARKING,215122,232420,2065086,130648,130642,0.092,0.21539999999999998,447542
 Android #18,BLU,SPARKING,230346,209432,2166868,133595,136285,0.1216,0.244,439778
Super Saiyan Goku,GRN,SPARKING,165322,203211,2193545,129342,126774,0.09300000000000001,0.2539,368533
 Cooler,GRN,SPARKING,201481,241315,2311605,144338,142911,0.1315,0.2253,442796
 Android #16,GRN,SPARKING,207397,129749,2486510,155218,158346,0.0969,0.19940000000000002,337146
Fused with Kami Piccolo,BLU,SPARKING,179459,235391,2237635,130511,129342,0.0916,0.23079999999999998,414850
 Super Vegeta,YEL,SPARKING,179259,227265,2237746,124264,131942,0.09210000000000002,0.2133,406524
Super Saiyan Goku,GRN,SPARKING,218966,249069,2200960,138725,140096,0.13390000000000002,0.244,468035
1st Form Frieza,BLU,SPARKING,200984,250319,2358874,143984,144710,0.1459,0.2528,451303
Legendary Super Saiyan Broly,BLU,SPARKING,241485,159104,1921582,124294,118232,0.1105,0.20620000000000002,400589
 Demon King Piccolo,YEL,SPARKING,229370,202299,2051507,143519,131072,0.1509,0.2357,431669
 Bardock,GRN,SPARKING,217726,181088,2511626,138071,138071,0.0875,0.1779,398814
Super Saiyan Vegeta,YEL,SPARKING,215940,236145,2335970,144905,144898,0.1361,0.2329,452085
 Goku (Youth),YEL,SPARKING,238852,193844,2090796,135103,133778,0.1336,0.2365,432696
Super Saiyan Goku,BLU,SPARKING,217284,182899,2203952,150623,152894,0.09390000000000001,0.1779,400183
Super Saiyan Cabba,GRN,SPARKING,215531,234698,2289178,145055,149463,0.1284,0.217,450229
 Android #18,YEL,SPARKING,215122,179259,1827954,125519,133274,0.1388,0.1779,394381
 Android #17,PUR,SPARKING,214718,231453,2322914,160318,163549,0.12990000000000002,0.2217,446171
 Krillin,BLU,SPARKING,215946,232781,2131676,143817,143109,0.1364,0.22719999999999999,448727
Super Saiyan Goku,YEL,SPARKING,232460,227885,2000012,139980,137218,0.1351,0.22510000000000002,460345
 Mai,GRN,SPARKING,189851,219044,2020913,144228,144235,0.12359999999999999,0.21059999999999998,408895
 Turles,PUR,SPARKING,233791,249241,2256711,138162,138845,0.131,0.2206,483032
Super Saiyan Trunks (Teen),RED,SPARKING,161429,159814,1865069,125581,126199,0.10550000000000001,0.19579999999999997,321243
Super Saiyan Vegeta,RED,SPARKING,235612,206563,2009502,165265,156884,0.1294,0.2341,442175
Super Saiyan Goku,RED,SPARKING,218639,216466,2188550,150080,150073,0.1367,0.2378,435105
 Pan,BLU,SPARKING,237683,211885,2089786,146202,146195,0.1409,0.2635,449568
 Pikkon,YEL,SPARKING,236833,197842,2335015,135734,137762,0.1369,0.2323,434675
Final Form Frieza,YEL,SPARKING,244236,204002,2243704,139720,142521,0.1331,0.2384,448238
 Captain Ginyu,GRN,SPARKING,199010,219905,2288222,143840,146738,0.1304,0.2237,418915
Super Saiyan Goku,RED,SPARKING,180837,226973,1712386,109677,115300,0.0975,0.1678,407810
 Goku,BLU,SPARKING,167822,154112,1883813,127956,134517,0.09849999999999999,0.19030000000000002,321934
 Vegeta,PUR,SPARKING,199771,247428,2289030,145737,141466,0.1318,0.21899999999999997,447199
 Piccolo,GRN,SPARKING,204992,200933,2346036,161926,158737,0.1285,0.21719999999999998,405925
 Gohan (Kid),YEL,SPARKING,223729,143148,1883719,128111,126837,0.0886,0.16870000000000002,366877
Super Saiyan Gohan (Teen),BLU,EXTREME,252783,228562,2452980,172476,168241,0.1377,0.23120000000000002,481345
 Trunks,GRN,EXTREME,211238,274877,2404502,166776,170126,0.1384,0.23620000000000002,486115
 Bardock,PUR,EXTREME,233479,255607,2362797,166868,168535,0.1366,0.23379999999999998,489086
Final Form Frieza,RED,EXTREME,233479,231143,2404603,174312,174312,0.1451,0.2441,464622
 Metal Cooler,YEL,EXTREME,242126,259445,2327604,161157,164400,0.1366,0.23379999999999998,501571
 Gohan (Kid) & Krillin,PUR,EXTREME,255720,235893,2440939,168645,172021,0.134,0.23149999999999998,491613
 Cell Jr.,RED,EXTREME,227826,257636,2428983,165310,165310,0.14300000000000002,0.2415,485462
 Vados,PUR,EXTREME,236006,252040,2304656,167062,164435,0.1432,0.2465,488046
God of Destruction Champa,BLU,EXTREME,258367,230229,2304656,167062,167740,0.1404,0.23629999999999998,488596
Super Saiyan Kale (Berserk),BLU,EXTREME,229315,260597,2424410,155626,158585,0.1516,0.25429999999999997,489912
 Bergamo,PUR,EXTREME,279619,227069,2335117,151053,150170,0.1457,0.253,506688
 Majuub,RED,EXTREME,265842,237819,2400180,164180,165817,0.1368,0.2343,503661
 Omega Shenron,BLU,EXTREME,237831,263196,2448763,158759,163538,0.1404,0.2396,501027
Super Saiyan God SS Vegeta,RED,EXTREME,237908,256188,2498183,158677,165095,0.13699999999999998,0.233,494096
Super Saiyan God SS Goku,GRN,EXTREME,235544,237908,2498183,167202,171393,0.1384,0.2443,473452
 Android #18,YEL,EXTREME,254895,249907,2500233,164281,161709,0.13849999999999998,0.2365,504802
 Thouser,GRN,EXTREME,259636,244101,2424592,157487,160644,0.13720000000000002,0.23440000000000003,503737
Final Form Cooler,BLU,EXTREME,255224,243001,2400583,155261,150723,0.1539,0.2422,498225
 Turles,RED,EXTREME,232034,240600,2449290,161367,161367,0.15109999999999998,0.2547,472634
 Gohan & Trunks (Youth),GRN,EXTREME,244477,239662,2424954,162420,165654,0.1461,0.2519,484139
 Dyspo,GRN,EXTREME,235868,246891,2289609,158714,157797,0.1551,0.262,482759
 Toppo,YEL,EXTREME,242165,236244,2437292,155611,157007,0.1523,0.2646,478409
 Fasha,BLU,EXTREME,253093,258808,2336056,148847,153318,0.1462,0.2444,511901
 Tora,GRN,EXTREME,248676,243866,2334020,157416,160602,0.14730000000000001,0.2526,492542
 Mai,RED,EXTREME,222566,259484,2310566,153693,160764,0.1523,0.26530000000000004,482050
Final Form Frieza,GRN,EXTREME,242659,240246,2575086,160602,159005,0.1408,0.2377,482905
Super Saiyan 2 Gohan (Youth),BLU,EXTREME,251250,250007,2287791,164764,163127,0.13720000000000002,0.2354,501257
 Copyman,PUR,EXTREME,242861,222768,2230426,156998,153895,0.14980000000000002,0.2503,465629
 Jinkouman,RED,EXTREME,248865,210056,2366944,161770,156998,0.1476,0.24530000000000002,458921
 Tennenman,RED,EXTREME,221908,243943,2230426,160171,153895,0.1476,0.24780000000000002,465851
 Kyukonman,YEL,EXTREME,229532,228380,2534407,164038,162409,0.1361,0.2257,457912
 Kaiwareman,BLU,EXTREME,242861,243956,2408836,154651,151602,0.1367,0.228,486817
 Saibaman,GRN,EXTREME,246392,210056,2457494,160163,159360,0.1411,0.2403,456448
 Yajirobe,PUR,EXTREME,250127,213239,2547268,157785,157785,0.1418,0.2391,463366
 Jiren,BLU,EXTREME,250203,252732,2537146,159300,159950,0.1325,0.22260000000000002,502935
Super Saiyan Goku,GRN,EXTREME,242962,240549,2188533,148699,151703,0.1481,0.2506,483511
 Guprei,PUR,EXTREME,254012,236988,2322640,154034,151002,0.1387,0.23879999999999998,491000
 Monrei,YEL,EXTREME,228530,231945,2447955,167126,172201,0.136,0.2266,460475
 Navel,GRN,EXTREME,241789,239365,2299419,154818,159533,0.1446,0.23120000000000002,481154
 Raspberry,RED,EXTREME,241789,250222,2399372,149497,154042,0.138,0.2335,492011
 Roberry,RED,EXTREME,227476,235894,2346036,162611,160998,0.1387,0.23070000000000002,463370
 Nabana,BLU,EXTREME,247855,230886,2299590,153340,158003,0.1381,0.23420000000000002,478741
 Orlen,YEL,EXTREME,247831,216646,2311201,151804,153324,0.149,0.2482,464477
 Ramon,GRN,EXTREME,238284,251566,2311201,148815,154860,0.138,0.2284,489850
 Appule,PUR,EXTREME,235918,244270,2311085,147332,154860,0.141,0.24309999999999998,480188
 Zangya,YEL,EXTREME,238385,246695,2334409,142189,147975,0.15869999999999998,0.24539999999999998,485080
Super Saiyan Rosé Goku Black,YEL,EXTREME,212558,216848,2358084,160397,163623,0.1545,0.262,429406
Super Saiyan 3 Gotenks,GRN,EXTREME,242059,254291,2387756,149550,145150,0.1349,0.2286,496350
 Super Baby 2,RED,EXTREME,251868,223251,2211039,157518,159881,0.1427,0.24100000000000002,475119
 Super #17,PUR,EXTREME,233867,248109,2436202,143821,148177,0.1442,0.2459,481976
 Baby Vegeta,BLU,EXTREME,230037,246885,2334844,143821,145244,0.1493,0.2548,476922
 Goku Black,BLU,EXTREME,236287,236298,2255791,144630,146075,0.157,0.2609,472585
 Trunks (Youth),GRN,EXTREME,218131,215969,2311374,163833,165471,0.1524,0.2583,434100
 Master Roshi,BLU,EXTREME,243568,238777,2288599,144009,145446,0.15039999999999998,0.2535,482345
 Broly,YEL,EXTREME,237660,228059,2382062,161596,159999,0.1381,0.2334,465719
Final Form Frieza,BLU,EXTREME,230329,219424,2497816,154710,153182,0.1482,0.2511,449753
 Full Power Boujack,YEL,EXTREME,237683,237683,2370097,153946,155490,0.1505,0.2548,475366
 Yurin,GRN,EXTREME,253451,241302,2277136,155525,159286,0.147,0.2606,494753
 Gohan (Kid),PUR,EXTREME,246297,247402,2089981,150155,144326,0.142,0.2425,493699
 Rozie,RED,EXTREME,215303,241458,2189442,142896,147934,0.155,0.2692,456761
 Kakunsa,GRN,EXTREME,219637,213185,2312009,161806,160209,0.1537,0.25379999999999997,432822
 Ribrianne,YEL,EXTREME,224026,236726,2346609,156448,154920,0.1535,0.2613,460752
 Videl,RED,EXTREME,239092,215303,2288902,160201,163411,0.139,0.24059999999999998,454395
Super Saiyan 2 Goku,PUR,EXTREME,254884,219626,2311893,158795,158015,0.1356,0.22899999999999998,474510
 Gokua,BLU,EXTREME,250102,236904,2461386,155122,159800,0.1392,0.23149999999999998,487006
 Bujin,GRN,EXTREME,228474,251314,2406394,143098,145966,0.1537,0.2615,479788
 Bido,PUR,EXTREME,253837,217656,2436788,156666,156673,0.1487,0.23149999999999998,471493
 Yamcha,RED,EXTREME,215505,250077,2211525,151308,157414,0.1457,0.2451,465582
 Krillin,PUR,EXTREME,222022,228474,2300369,152814,154334,0.1507,0.2615,450496
 Tien,GRN,EXTREME,217768,219929,2388665,160520,169481,0.1423,0.2416,437697
 Super Vegeta,GRN,EXTREME,225436,244174,2289205,147511,146059,0.1409,0.23920000000000002,469610
 Gogeta,RED,EXTREME,247705,219929,2461364,159705,162101,0.1386,0.226,467634
 Syn Shenron,BLU,EXTREME,215606,215606,2279047,155223,160672,0.1437,0.2416,431212
 Hit,RED,EXTREME,241862,213578,2312413,155308,158419,0.1452,0.2477,455440
 Goku (Youth),BLU,EXTREME,235565,209115,2335754,152267,152267,0.1408,0.23629999999999998,444680
 Kale,BLU,EXTREME,240677,241884,2347174,156130,158311,0.1476,0.26890000000000003,482561
 Borgos,GRN,EXTREME,229959,216955,2437090,154688,151661,0.1409,0.2341,446914
 Shugesh,YEL,EXTREME,250444,219117,2359194,145576,144145,0.1361,0.2318,469561
 Android #15,GRN,EXTREME,222106,236169,2174726,146845,148313,0.1391,0.2353,458275
 Android #14,BLU,EXTREME,236145,213703,2233040,156674,152064,0.1391,0.233,449848
 Hyper Meta-Rilldo,YEL,EXTREME,236740,198431,2435618,152987,154516,0.1429,0.24739999999999998,435171
 Super Trunks,PUR,EXTREME,254946,233949,2363280,144552,147463,0.1232,0.2101,488895
2nd Form Frieza,YEL,EXTREME,241577,216354,2265041,148495,148488,0.1281,0.2212,457931
 Trunks (Kid),GRN,EXTREME,212082,240382,2333904,140355,144626,0.1429,0.2526,452464
 Goku,PUR,EXTREME,247509,213087,2334138,149191,152952,0.1331,0.2324,460596
 Buu: Super,RED,EXTREME,247554,242785,2265041,144626,141772,0.1344,0.2289,490339
 Shisami,GRN,EXTREME,239365,203709,2334340,144828,140557,0.1373,0.22460000000000002,443074
 Android #13,RED,EXTREME,228865,236998,2357797,147221,150181,0.136,0.2314,465863
Legendary Super Saiyan Broly,YEL,EXTREME,238181,254680,2435820,152460,149440,0.1373,0.2349,492861
 Nail,PUR,EXTREME,214739,249309,2387656,154285,157397,0.1358,0.24539999999999998,464048
 Krillin,PUR,EXTREME,214739,238496,2242896,144600,151990,0.1456,0.2595,453235
 Gohan (Kid),YEL,EXTREME,219043,249309,2078778,155837,155845,0.1309,0.23170000000000002,468352
 Captain Ginyu,PUR,EXTREME,235283,235260,2300224,144715,144715,0.1359,0.2332,470543
 Jeice,RED,EXTREME,212911,226845,2288612,142565,149828,0.1326,0.2343,439756
 Recoome,BLU,EXTREME,220534,215122,2412171,158414,159996,0.1303,0.21989999999999998,435656
 Burter,YEL,EXTREME,223601,195647,2189139,142666,148455,0.146,0.24969999999999998,419248
 Guldo,GRN,EXTREME,182117,218360,2079390,141969,146269,0.1446,0.256,400477
God of Destruction Beerus,YEL,EXTREME,216389,247440,2211664,137628,134921,0.13449999999999998,0.2245,463829
 Chilled,YEL,EXTREME,241493,247453,2167676,145744,144306,0.1375,0.2278,488946
 Super Janemba,YEL,EXTREME,235539,217486,2233545,144306,144299,0.1419,0.2376,453025
 Boujack,GRN,EXTREME,216591,215525,2335217,153571,153578,0.1371,0.2325,432116
 Videl,PUR,EXTREME,226354,213496,2300599,158298,153664,0.1308,0.2248,439850
 Zangya,BLU,EXTREME,237038,234694,2335318,141769,144609,0.1392,0.23260000000000003,471732
 Bulma (Youth),YEL,EXTREME,193458,246720,2122085,144085,146961,0.1389,0.2465,440178
Super Namekian Lord Slug,YEL,EXTREME,213698,215839,2382667,148620,149358,0.1323,0.2206,429537
Super Saiyan Vegeta,BLU,EXTREME,212451,209333,2168282,151696,150205,0.12369999999999999,0.2087,421784
 Majin Buu: Pure Evil,BLU,EXTREME,228895,255532,2266758,139605,138234,0.1348,0.22399999999999998,484427
 Tien,RED,EXTREME,217016,217016,2179169,144200,148529,0.1404,0.2418,434032
 Trunks (Teen),PUR,EXTREME,242188,197514,2190156,145020,146444,0.1349,0.2285,439702
 Chi-Chi,PUR,EXTREME,215328,236853,2310667,158344,161547,0.1416,0.2426,452181
 Caulifla,RED,EXTREME,217604,213310,2199326,126782,123040,0.122,0.20120000000000002,430914
 Gohan,GRN,EXTREME,203002,234979,2199528,141519,142923,0.1211,0.2052,437981
 Whis,RED,EXTREME,232435,247882,2120984,158591,158591,0.1418,0.263,480317
 Tora,PUR,EXTREME,202297,220197,2311634,141808,137637,0.1313,0.21960000000000002,422494
 Fasha,RED,EXTREME,211856,197317,2211159,132566,136582,0.1421,0.2419,409173
Super Saiyan Vegeta,PUR,EXTREME,199384,230761,2010109,118619,119211,0.13140000000000002,0.2241,430145
 Pan: Honey,RED,EXTREME,200402,206726,2100182,139816,144043,0.1429,0.25579999999999997,407128
Super Saiyan Trunks (Teen),GRN,EXTREME,201390,230738,2068796,118630,124043,0.11410000000000001,0.18170000000000003,432128
King of the Demon Realm Dabura,RED,EXTREME,210763,242337,2334929,157704,157712,0.1394,0.231,453100
 Vegeta,YEL,EXTREME,210802,234391,2090089,147182,141466,0.12560000000000002,0.2112,445193
 Android #18,PUR,EXTREME,201784,228866,2090089,134403,137086,0.1389,0.23,430650
 Android #17,GRN,EXTREME,211290,189346,2069200,154295,151256,0.1268,0.2101,400636
 Zamasu,GRN,EXTREME,211185,236847,2358690,148230,154219,0.1376,0.2256,448032
 Mai,PUR,EXTREME,189413,220746,1910250,134593,136600,0.127,0.21239999999999998,410159
 Cell Jr.,YEL,EXTREME,234160,198529,1991326,119741,122115,0.1192,0.18100000000000002,432689
 Gohan (Youth),RED,EXTREME,160273,236506,1951736,139159,136448,0.11779999999999999,0.2059,396779
 Majin Buu: Good,BLU,EXTREME,237380,219196,2413080,156326,156333,0.13119999999999998,0.2263,456576
Super Saiyan Goku,PUR,EXTREME,251162,233949,2188230,141684,147455,0.1394,0.2437,485111
 Android #16,YEL,EXTREME,216804,192292,2265445,135036,133697,0.1285,0.2194,409096
Perfect Form Cell,PUR,EXTREME,215722,225342,2334525,144386,145816,0.1463,0.2506,441064
 Goten (Kid),BLU,EXTREME,203703,159529,1809674,129335,129342,0.08199999999999999,0.19879999999999998,363232
 Trunks (Kid),BLU,EXTREME,154822,209897,1846233,126774,130635,0.10289999999999999,0.15689999999999998,364719
 Cooler,BLU,EXTREME,190722,197317,2210938,130062,127494,0.1313,0.22510000000000002,388039
 Thouser,PUR,EXTREME,208690,159878,2334611,120334,122755,0.1321,0.22190000000000001,368568
2nd Form Cell,BLU,EXTREME,203351,209776,1990316,139429,139422,0.14880000000000002,0.24960000000000002,413127
 Dodoria,GRN,EXTREME,186547,143648,2044231,122675,130056,0.11259999999999999,0.15539999999999998,330195
 Zarbon,BLU,EXTREME,156762,169016,1789354,120423,140423,0.1039,0.2611,325778
 Raditz,BLU,EXTREME,174327,186983,1678562,91327,88628,0.12050000000000001,0.1336,361310
 Bardock,YEL,EXTREME,187081,138525,1883719,126781,124264,0.1065,0.19579999999999997,325606
1st Form Frieza,YEL,EXTREME,159736,177484,1807338,127437,112062,0.1107,0.19190000000000002,337220
 Pan,PUR,EXTREME,159736,180816,1626767,108403,113961,0.087,0.17800000000000002,340552
 Demon King Piccolo,PUR,EXTREME,203909,240600,2347046,134669,133350,0.1265,0.2073,444509
 Trunks,GRN,EXTREME,215637,242855,2211967,144602,145307,0.13720000000000002,0.235,458492
 Android #17,RED,EXTREME,177786,148148,1812847,104782,107963,0.0934,0.1745,325934
 Cabba,GRN,EXTREME,158960,207564,2131683,123539,127913,0.1139,0.1797,366524
 Android #18,GRN,EXTREME,145207,139682,1827954,102444,158338,0.078,0.17800000000000002,284889
 Master Roshi,PUR,EXTREME,138532,184321,1864788,128685,128048,0.1243,0.1585,322853
1st Form Cell,YEL,EXTREME,148148,144624,1867871,104772,85506,0.134,0.1745,292772
 Turles,GRN,EXTREME,196041,239304,2358791,129980,129980,0.1391,0.2325,435345
 Vegeta,RED,EXTREME,193705,112919,1846233,121857,126824,0.0789,0.1518,306624
 Trunks (Teen),YEL,EXTREME,176095,146739,1518145,102753,103775,0.0902,0.2057,322834
 Android #19,RED,EXTREME,178428,126805,1771638,95437,116928,0.1305,0.23079999999999998,305233
 Android #20,YEL,EXTREME,122899,166127,1892996,99465,124325,0.1243,0.2285,289026
Final Form Frost,BLU,EXTREME,153334,151808,1957930,134347,138439,0.0926,0.18739999999999998,305142
 Mercenary Tao,PUR,EXTREME,210361,156531,2010714,118532,122712,0.1441,0.2576,366892
3rd Form Frieza,PUR,EXTREME,220053,230963,2289205,141870,146141,0.1253,0.21050000000000002,451016
1st Form Frieza,BLU,EXTREME,207717,251392,2047511,143296,144735,0.12210000000000001,0.21230000000000002,459109
 Vegeta,GRN,EXTREME,195763,234496,1989508,134520,135864,0.13140000000000002,0.2234,430259
Fused with Nail Piccolo,YEL,EXTREME,192109,190182,2310999,144136,142712,0.1303,0.2214,382291
 Nappa,RED,EXTREME,206318,108496,1812847,83846,118451,0.0875,0.19940000000000002,314814
 Chiaotzu,PUR,EXTREME,105635,195774,2089988,126527,128418,0.14679999999999999,0.2498,301409
 Tien,YEL,EXTREME,202107,198125,1971028,151552,153060,0.1109,0.24609999999999999,400232
 Yamcha,GRN,EXTREME,230155,192919,1989609,118013,122205,0.11689999999999999,0.18289999999999998,423074
 Krillin,RED,EXTREME,195441,189716,2324024,141615,140223,0.136,0.22820000000000001,385157
 Goku,BLU,EXTREME,215217,109036,1626929,107372,105240,0.1065,0.16620000000000001,324253
 Shallot,LGT,HERO,157308,153429,1431770,95446,93551,0.0949,0.1343,310737
 Mercenary Tao,YEL,HERO,183710,205109,2031312,136220,138257,0.1388,0.2341,388819
 Nail,GRN,HERO,213674,181695,2020004,132428,136450,0.1231,0.2127,395369
World Champion Hercule,BLU,HERO,145872,110571,1726312,119688,121480,0.0859,0.14279999999999998,256443
 Videl,RED,HERO,214113,186600,2009301,144545,145996,0.1307,0.2245,400713
2nd Form Cell,BLU,HERO,141093,141788,1657590,113826,116120,0.0745,0.1281,282881
 Krillin,BLU,HERO,158503,156935,1692628,138267,138950,0.131,0.2206,315438
Super Saiyan Goku,PUR,HERO,161755,109514,1971331,119640,122014,0.1286,0.2218,271269
 Turles,BLU,HERO,157036,161763,2011119,132358,135002,0.0872,0.146,318799
 Cell Jr.,GRN,HERO,156420,159906,1635548,73018,75994,0.11599999999999999,0.1551,316326
 Thouser,RED,HERO,156425,161973,2009705,135622,139737,0.0842,0.1426,318398
1st Form Cell,PUR,HERO,169032,143414,1595305,94071,95967,0.09390000000000001,0.12869999999999998,312446
 Goku,PUR,HERO,158354,158354,1205640,105038,105564,0.0828,0.1535,316708
 Master Roshi,YEL,HERO,84438,160741,1352861,110457,116120,0.09300000000000001,0.1865,245179
 Cabba,BLU,HERO,98373,139689,1691161,113821,112688,0.094,0.1551,238062
 Jaco,GRN,HERO,140313,134237,1205580,102484,102489,0.08449999999999999,0.18739999999999998,274550
 Saibaman,PUR,HERO,116233,117994,1612255,106526,107598,0.1026,0.1572,234227
 Yamcha,YEL,HERO,112721,131090,1717866,93551,98348,0.10859999999999999,0.1566,243811
 Android #19,BLU,HERO,147584,141790,1223755,81179,81175,0.11810000000000001,0.1808,289374
 Android #20,PUR,HERO,91304,94553,1641178,110522,113877,0.113,0.18460000000000001,185857
Final Form Frost,YEL,HERO,146109,108223,1683765,75593,118012,0.0827,0.18170000000000003,254332
 Chiaotzu,GRN,HERO,91610,177185,1477134,97471,103499,0.10300000000000001,0.1522,268795
 Tien,BLU,HERO,132833,95481,1278581,129779,127845,0.0935,0.1477,228314
 Yamcha,GRN,HERO,96446,130202,1582324,125320,85662,0.106,0.16579999999999998,226648
Fused with Nail Piccolo,RED,HERO,110699,146116,1898789,86091,127851,0.0825,0.1349,256815
 Pan,GRN,HERO,154979,150384,1145301,94496,118018,0.08310000000000001,0.1507,305363
 Jaco,RED,HERO,133360,92540,1297792,129136,129130,0.09449999999999999,0.1477,225900
 Pikkon,GRN,HERO,91619,99263,1863352,121763,79564,0.1223,0.179,190882
2nd Form Frieza,RED,HERO,166447,98389,1667094,77892,114530,0.081,0.1808,264836
1st Form Frieza,GRN,HERO,93475,140903,1898694,83555,106548,0.11220000000000001,0.1492,234378
 Captain Ginyu,RED,HERO,87669,170477,1582166,106543,105483,0.0926,0.153,258146
 Jeice,PUR,HERO,108513,122375,1566579,95888,96852,0.0935,0.21100000000000002,230888
 Recoome,RED,HERO,180800,128494,1431555,95432,95437,0.094,0.1343,309294
 Burter,BLU,HERO,138005,120533,1403137,87615,86743,0.1039,0.20679999999999998,258538
 Guldo,BLU,HERO,117971,130383,1567706,102449,104513,0.10189999999999999,0.1568,248354
 Dodoria,RED,HERO,164766,143201,1156754,77876,76338,0.1253,0.17550000000000002,307967
 Zarbon,GRN,HERO,104107,103066,1614209,128481,127858,0.0926,0.1492,207173
 Vegeta,BLU,HERO,120558,168111,1717866,73352,118006,0.09210000000000002,0.1356,288669
 Nappa,YEL,HERO,150558,155969,1446159,107634,101872,0.0852,0.1182,306527
 Saibaman,YEL,HERO,124155,125404,1506234,105542,104493,0.10400000000000001,0.1537,249559
 Raditz,BLU,HERO,152072,144655,1205580,102489,116989,0.0795,0.1484,296727
 Krillin,PUR,HERO,119352,145382,1826545,80364,124217,0.0895,0.1343,264734
 Gohan (Kid),GRN,HERO,93005,144468,1566501,124073,86956,0.1008,0.1641,237473
 Goku,YEL,HERO,105396,178992,1417452,95441,94492,0.106,0.1477,284388
