character_name,character_form,character_element,character_rarity,is_legends_limited,zenkai_status,synergy_tags,url_slug
Super Saiyan Trunks (Teen) & Gohan,Super Saiyan Trunks (Teen) & Gohan,RED,LEGEND,0,-1,8 2 26 9 60 1 40206 30007 30036 99999 30052 8200021 8200002 8200012 8200014 8200001 9138 10000 12004 13003 14000 15000 15002 19002 20000 50034 50011 60733,/character/733
 Broly: Fury,Super Saiyan Broly,GRN,LEGEND,0,-1,7 5 52 30035 40111 30004 30043 99999 9 8200021 8200023 8200001 8200010 8200002 8200026 9138 10000 12004 13001 14001 15003 19003 20015 50046 60730,/character/730
Super Saiyan Rosé Ultra Supervillain Goku Black, ,BLU,LEGEND,0,-1,7 26 40 49 52 60 40201 99999 8200021 8200010 8200002 8200022 10000 12004 13002 14001 15004 19002 20024 50069 60726,/character/726
 Bardock, ,YEL,LEGEND,0,-1,7 50 40204 30004 99999 8200021 8200002 10000 12004 13001 14002 15001 19002 20014 50044 60725,/character/725
Super Saiyan 3 Goku (Mini), ,PUR,LEGEND,0,-1,7 1 41 59 23 40501 30062 99999 8200021 8200001 8200010 10000 12004 13002 14000 15002 19001 20022 50010 60722,/character/722
Fused with Kami Piccolo, ,BLU,LEGEND,0,-1,31 33 3 47 40006 30010 99999 8200021 8200022 8300007 8200002 10002 12004 13003 14000 15004 19002 20006 50012 60719,/character/719
 Super Vegito, ,PUR,LEGEND,0,-1,7 9 39 35 40011 99999 8200021 8200010 8200001 8200019 10000 12004 13002 14000 15002 19002 20007 50073 60717,/character/717
Super Saiyan God Shallet, ,GRN,LEGEND,0,-1,7 44 39 40 34 40206 99999 8200021 8200001 8200010 8200014 9138 10000 12004 13003 14000 15003 19002 20000 50003 60684,/character/684
Super Saiyan God SS Gogeta, ,RED,ULTRA,0,-1,7 45 39 40 34 40111 99999 8200021 8200003 8200010 8200026 8300013 9138 10000 12003 13003 14000 15000 19002 20015 50079 60729,/character/729
Super Saiyan Trunks (Adult), ,GRN,ULTRA,0,-1,8 9 26 2 60 40408 30007 30036 99999 8200021 8200010 8200001 8200022 8300013 10000 12003 13002 14000 15003 19002 20017 50034 60721,/character/721
Ultimate Gohan Absorbed Buu: Super, ,RED,ULTRA,0,-1,36 31 52 40011 30024 99999 8200021 8200001 10002 12003 13002 14001 15000 19002 20007 50076 60716,/character/716
Super Full Power Saiyan 4 Goku, ,GRN,ULTRA,0,-1,7 48 32 1 40402 30044 99999 8200021 8200010 8200001 8300002 8300016 8200018 10000 12003 13003 14000 15003 19002 20010 50010 60712,/character/712
Half-Corrupted Fusion Zamasu, ,PUR,ULTRA,0,-1,40 26 31 39 35 52 40408 30046 99999 8200021 8300001 8200001 8300005 10000 12003 13002 14001 15002 19003 20017 50070 60704,/character/704
Super Saiyan 4 Vegeta, ,RED,ULTRA,0,-1,7 2 32 48 40404 99999 8200010 8300015 8200002 8200021 10000 12003 13003 14002 15000 19001 20012 50020 60700,/character/700
Final Form Frieza: Full Power, ,GRN,ULTRA,0,-1,5 24 42 52 40003 30021 99999 8200021 8200001 8200010 8300013 9137 10000 12003 13003 14001 15003 19001 20004 50028 60694,/character/694
Super Saiyan Goku, ,YEL,ULTRA,0,-1,7 9 1 40003 30018 99999 8200021 8200002 8300014 8200018 9137 10000 12003 13002 14000 15001 19002 20004 50010 60680,/character/680
 Perfect Cell, ,RED,ULTRA,0,-1,25 36 31 26 52 40007 30003 99999 8200021 8200002 8200010 8200013 8300006 10002 12003 13003 14001 15000 19002 20006 50041 60666,/character/666
Beast Gohan, ,YEL,ULTRA,0,-1,8 1 40112 30053 99999 8200001 8300013 8300005 8200021 10000 12003 13002 14000 15001 19002 20015 50011 60656,/character/656
 Majin Vegeta, ,YEL,ULTRA,0,-1,7 38 2 40010 30016 99999 8200021 8200001 8200010 8200018 10000 12003 13002 14001 15001 19001 20007 50020 60641,/character/641
 Turles, ,BLU,ULTRA,0,-1,7 52 58 40102 99999 8300009 8200001 8200021 10000 12003 13001 14001 15004 19002 20015 50037 60636,/character/636
Super Saiyan 4 Gogeta, ,PUR,ULTRA,0,-1,7 48 39 32 34 40404 99999 8300006 8200022 8200003 8200021 8200018 9136 10000 12003 13002 14000 15002 19002 20012 50079 60621,/character/621
 Golden Frieza, ,PUR,ULTRA,0,-1,5 24 42 52 40114 30022 30059 99999 8200002 8300009 8200021 10000 12003 13002 14001 15002 19001 20015 50028 60603,/character/603
Super Saiyan 2 Gohan (Youth), ,GRN,ULTRA,0,-1,8 1 38 40007 30006 99999 8200024 8200010 8200001 8200018 10000 12003 13003 14000 15003 19001 20006 50011 60599,/character/599
Ultra Instinct -Sign- Goku, ,YEL,ULTRA,0,-1,7 1 40 56 30000 40409 30038 99999 8200001 8300008 10000 12003 13003 14000 15001 19002 20018 50010 60586,/character/586
 Super Janemba, ,BLU,ULTRA,0,-1,24 31 52 60 40109 99999 8200002 8200021 10002 12003 13002 14001 15004 19002 20015 50080 60572,/character/572
Super Saiyan God SS Vegito, ,RED,ULTRA,0,-1,7 45 40 26 39 35 40408 99999 8300006 8200024 8200001 8200021 9135 10000 12003 13002 14000 15000 19002 20017 50073 60554,/character/554
 Buu: Kid, ,YEL,ULTRA,0,-1,36 31 52 40012 30029 99999 8200010 8200001 8200021 8200018 10002 12003 13001 14001 15001 19001 20007 50076 60538,/character/538
Super Saiyan Rosé Goku Black, ,GRN,ULTRA,0,-1,7 26 40 49 52 60 40408 99999 8200021 8200001 10000 12003 13002 14001 15003 19002 20017 50069 60532,/character/532
 Hit, ,RED,ULTRA,0,-1,15 52 53 56 40407 99999 8300003 8200003 10000 12003 13002 14002 15000 19002 20016 50100 60511,/character/511
Super Saiyan God SS Gogeta, ,PUR,ULTRA,0,-1,7 45 39 40 34 40111 99999 8200021 8200003 10000 12003 13002 14000 15002 19002 20015 50079 60508,/character/508
Legendary Super Saiyan Broly, ,PUR,ULTRA,0,-1,7 9 52 40108 30040 99999 8200021 8200004 10000 12003 13002 14001 15002 19003 20015 50046 60495,/character/495
 Super Vegito, ,YEL,ULTRA,0,-1,7 9 39 35 40011 99999 8200010 8200001 8200024 9134 9139 10000 12003 13001 14000 15001 19002 20007 50073 60487,/character/487
Super Saiyan God SS Kaioken Goku, ,YEL,ULTRA,0,-1,7 1 40 45 56 40409 30017 99999 8200001 10000 12003 13003 14000 15001 19002 20018 50010 60468,/character/468
 Super Gogeta, ,BLU,ULTRA,0,-1,7 9 22 39 34 40109 99999 8200001 8200021 10000 12003 13002 14000 15004 19002 20015 50079 60454,/character/454
 Omega Shenron, ,RED,ULTRA,0,-1,51 32 31 36 39 52 40404 30028 70400 99999 55 10002 12003 13001 14001 15000 19003 20012 50107 60443,/character/443
 Vegeta, ,PUR,ULTRA,0,-1,7 2 55 99999 40002 30004 30019 8200001 9133 9139 10000 12003 13003 14001 15002 19001 20004 50020 60400,/character/400
Super Saiyan Goku, ,RED,ULTRA,0,-1,7 9 1 55 40003 30026 30018 99999 8200002 10000 12003 13002 14000 15000 19002 20004 50010 60385,/character/385
 Shallot,Super Saiyan God SS Shallot,LGT,SPARKING,0,-1,7 99999 40206 70205 8200001 10000 12002 13002 14000 15070 19002 20000 50000 79800,/character/19800
 Pan, ,YEL,SPARKING,0,-1,8 1 4 23 40112 8200001 9138 10001 12002 13000 14000 15001 19001 20015 50033 60734,/character/734
 Whis, ,GRN,SPARKING,0,-1,28 40 55 60 40406 99999 9138 10000 12002 13000 14002 15003 19002 20013 50088 60732,/character/732
 Paragus: Broly (Assist), ,PUR,SPARKING,0,-1,7 5 52 40111 8200001 9138 10000 12002 13002 14001 15002 19002 20015 50157 60731,/character/731
 Trunks (Xeno), ,PUR,SPARKING,0,-1,8 2 26 60 40201 30004 30007 30036 8200001 8200010 10000 12002 13000 14000 15002 19002 20024 50034 60728,/character/728
Super Saiyan God Ultra Supervillain Vegeta, ,RED,SPARKING,0,-1,7 2 40 44 40201 30033 8200021 8200001 8200010 10000 12002 13003 14001 15000 19001 20024 50020 60727,/character/727
Farmer Goku, ,GRN,SPARKING,0,-1,7 1 55 40409 30004 30017 99999 10000 12002 13002 14000 15003 19002 20018 50010 60724,/character/724
 Tamagami Number One, ,GRN,SPARKING,0,-1,59 60 40501 8200021 8200002 8200010 10002 12002 13002 14002 15003 19002 20022 50148 60723,/character/723
 Mai, ,BLU,SPARKING,0,-1,4 26 60 55 40408 99999 10001 12002 13001 14000 15004 19002 20017 50038 60720,/character/720
Super Saiyan God SS Goku & Vegeta,Super Saiyan God SS Goku & Vegeta,BLU,SPARKING,0,-1,7 1 40 45 2 40406 30017 30052 30033 30047 8200021 8200012 8200014 8200001 10000 12002 13003 14000 14002 15004 15002 19002 19001 20013 50010 50020 60718,/character/718
 Tamagami Number Two, ,RED,SPARKING,0,-1,59 60 40501 8200002 10002 12002 13002 14002 15000 19002 20022 50149 60715,/character/715
Super Saiyan 3 Vegeta (Mini), ,YEL,SPARKING,1,-1,7 2 41 59 23 40501 30062 99999 8200021 8200001 10000 12002 13003 14002 15001 19001 20022 50020 70500 60714,/character/714
Super Saiyan Goku, ,BLU,SPARKING,0,-1,7 1 9 32 23 55 40400 99999 10000 12002 13000 14000 15004 19001 20009 50010 60713,/character/713
 Super Saiyan God Goku & Hit, Super Saiyan God Goku & Hit,RED,SPARKING,1,-1,7 1 40 44 56 15 53 40409 30017 99999 30052 8200021 8200012 8200014 8200010 8200001 10000 12002 13002 14000 14002 15000 15002 19002 20018 50010 50100 70500 60711,/character/711
Super Saiyan 2 Gohan (Youth),Super Saiyan 2 Gohan (Youth),BLU,SPARKING,1,-1,8 1 38 40007 30006 30049 99999 8200021 8200001 8200011 8200002 8200018 10000 12002 13002 14000 15004 19001 20006 50011 70500 60710,/character/710
Super Saiyan Gotenks, ,RED,SPARKING,0,-1,8 9 39 34 23 40109 8200010 8200001 10000 12002 13001 14000 15000 19001 20015 50077 60709,/character/709
 Super Janemba, ,YEL,SPARKING,1,-1,24 31 52 60 40109 30049 99999 8200021 8200010 8200002 10002 12002 13002 14001 15001 19002 20015 50080 70500 60708,/character/708
 Goku & Vegeta, Goku & Vegeta,GRN,SPARKING,1,-1,7 1 22 2 9 39 40109 30004 30017 30049 34 30052 99999 30019 8200021 8300012 8200012 8200002 8200001 10000 12002 13003 14000 14002 15003 19002 19001 20015 50010 50020 50079 70500 60707,/character/707
Super Saiyan Gohan (Youth), ,RED,SPARKING,0,-1,8 1 9 57 40007 30006 8200002 10000 12002 13000 14000 15000 19001 20023 50011 60706,/character/706
 Goku, ,GRN,SPARKING,0,-1,7 1 57 40003 30004 30017 8200021 8200002 10000 12002 13002 14000 15003 19002 20023 50010 60705,/character/705
 Android #14 & Android #15, Android #14 & Android #15,GRN,SPARKING,0,-1,25 40106 30052 8200012 8200014 8200001 8200021 8200002 10002 12002 13002 14001 15003 15001 19003 19001 20015 50102 50103 60703,/character/703
 Android #13, Fusion Android #13,BLU,SPARKING,1,-1,25 52 40106 30027 30049 99999 36 39 30028 8200011 8200002 8200001 8200021 10002 12002 13000 14001 15004 19002 20015 50101 70500 60702,/character/702
Super Saiyan 3 Goku, ,PUR,SPARKING,1,-1,7 41 1 32 23 30049 40402 99999 8300001 8200001 8200019 10000 12002 13003 14000 15002 19001 20010 50010 70500 60701,/character/701
 King Cold, ,BLU,SPARKING,0,-1,42 60 40005 8200001 8200021 10000 12002 13002 14001 15004 19003 20005 50155 60699,/character/699
 Metal Cooler, ,PUR,SPARKING,1,-1,42 33 31 52 40105 30049 99999 8300009 8200001 8200021 10000 12002 13001 14001 15002 19002 20015 50063 70500 60698,/character/698
Final Form Frost: Full Power, ,RED,SPARKING,0,-1,15 24 42 53 56 40409 30009 30044 8200021 8200001 9137 10000 12002 13002 14001 15000 19001 20018 50032 60697,/character/697
Super Saiyan 2 Kefla, ,GRN,SPARKING,1,-1,7 38 4 39 35 15 40409 53 56 99999 30049 8200021 8200001 9137 10001 12002 13002 14000 15003 19002 20018 50111 70500 60696,/character/696
3rd Form Frieza, ,RED,SPARKING,0,-1,5 24 42 52 55 40003 30002 99999 9137 10000 12002 13003 14001 15000 19003 20004 50028 60695,/character/695
 Nappa, Saibaman,YEL,SPARKING,0,-1,5 7 40000 30034 46 8200017 8200002 8200018 9137 10000 10002 12002 13003 14001 15001 19002 19001 20003 50019 50018 60693,/character/693
 Tien & Chiaotzu, Tien & Chiaotzu,PUR,SPARKING,0,-1,3 30052 40000 8200012 8200016 8200002 8200001 9137 10000 12002 13002 14000 15002 19002 19001 20003 50015 50016 60692,/character/692
Super Saiyan Cabba,Super Saiyan 2 Cabba,RED,SPARKING,0,-1,7 9 15 53 56 40409 30061 38 8200023 8200001 9137 10000 12002 13003 14000 15000 19001 20018 50043 60691,/character/691
Super Saiyan God SS Vegeta,Super Saiyan God SS Evolved Vegeta,PUR,SPARKING,1,-1,7 2 40 45 56 30061 40409 30033 30047 99999 30048 8200021 8200002 8200010 8200023 9137 10000 12002 13003 14002 15002 19001 20018 50020 70500 60690,/character/690
Super Saiyan 2 Caulifla & Kale,Super Saiyan 2 Caulifla & Kale,YEL,SPARKING,0,-1,7 38 15 53 4 56 40409 30052 8200021 8200001 8200014 8200012 9137 10001 12002 13002 14000 15001 15003 19001 19002 20018 50067 50071 60689,/character/689
Ultra Instinct -Sign- Goku,Ultra Instinct Goku,BLU,SPARKING,1,-1,7 1 40 56 30000 30061 40409 30038 99999 30001 8200023 8200001 8200010 8200024 8300000 9137 10000 12002 13002 14000 15004 19002 20018 50010 70500 60688,/character/688
 Jiren: Full Power, ,BLU,SPARKING,0,-1,53 20 52 56 55 40409 30044 99999 8200021 10000 12002 13001 14000 15004 19003 20018 50124 60683,/character/683
 Krillin, ,RED,SPARKING,0,-1,3 40003 8200002 9137 10000 12002 13000 14000 15000 19001 20004 50013 60681,/character/681
 Vegeta, Vegeta,GRN,SPARKING,1,-1,5 7 52 2 30049 30061 40000 30004 30019 99999 8200011 8200001 8200021 8200002 9137 10000 12002 13003 14001 15003 19001 20003 50020 70500 60678,/character/678
 Goku,Kaioken Goku,RED,SPARKING,1,-1,7 1 40000 30004 30017 30061 30049 99999 8200023 8200002 8200021 8200001 9137 10000 12002 13002 14000 15000 19002 20003 50010 70500 60677,/character/677
 Jackie Chun, ,BLU,SPARKING,0,-1,57 40300 8200001 10000 12002 13001 14000 15004 19001 20001 50153 60676,/character/676
 Goku (Youth), ,YEL,SPARKING,1,-1,7 23 1 57 60 40300 40302 99999 8300007 8200001 8200021 10000 12002 13002 14000 15001 19001 20001 50010 70500 60675,/character/675
 Tambourine, ,GRN,SPARKING,0,-1,57 40302 8200001 10002 12002 13000 14001 15003 19002 20001 50154 60674,/character/674
 Demon King Piccolo, ,PUR,SPARKING,1,-1,31 47 52 57 40302 30001 30049 99999 8200021 8200001 10002 12002 13002 14001 15002 19003 20001 50045 70500 60673,/character/673
 Cyborg Tao, ,BLU,SPARKING,0,-1,57 60 55 40303 99999 8200001 10000 12002 13002 14001 15004 19002 20001 50029 60672,/character/672
 Majin Duu, ,PUR,SPARKING,0,-1,59 40501 8200001 8200010 8200021 10002 12002 13003 14002 15002 19002 20022 50152 60671,/character/671
Super Saiyan 4 Goku, ,BLU,SPARKING,1,-1,7 1 48 59 40501 99999 8200003 8200021 8300007 10000 12002 13002 14000 15004 19002 20022 50010 70500 60670,/character/670
 Majin Kuu, ,YEL,SPARKING,0,-1,59 40501 8200002 10002 12002 13000 14002 15001 19001 20022 50151 60669,/character/669
Super Saiyan 3 Vegeta, ,GRN,SPARKING,1,-1,7 2 41 59 40501 99999 8200021 8200002 10000 12002 13002 14002 15003 19001 20022 50020 70500 60668,/character/668
2nd Form Cell, ,BLU,SPARKING,0,-1,25 36 31 26 52 55 40006 30001 99999 10002 12002 13003 14001 15004 19002 20006 50041 60667,/character/667
 Super Trunks, ,RED,SPARKING,0,-1,8 2 9 26 30050 40006 30007 30036 30063 8200010 8200001 8200021 10000 12002 13001 14000 15000 19002 20006 50034 60665,/character/665
Super Saiyan Goku, ,PUR,SPARKING,1,-1,7 9 1 40007 30017 30049 99999 8200001 8200018 10000 12002 13003 14000 15002 19002 20006 50010 70500 60664,/character/664
Fused with Kami Piccolo, ,YEL,SPARKING,0,-1,31 33 3 47 55 40006 30010 99999 10002 12002 13001 14000 15001 19002 20006 50012 60663,/character/663
 Android #17, ,PUR,SPARKING,0,-1,25 37 26 52 40005 30050 8200002 10000 12002 13003 14001 15002 19002 20005 50039 60662,/character/662
 Fusion Zamasu, ,RED,SPARKING,1,-1,40 26 31 39 35 52 40408 30045 30049 99999 8200021 8200001 10000 12002 13002 14001 15000 19002 20017 50070 70500 60661,/character/661
 Android #18, ,YEL,SPARKING,0,-1,25 4 37 26 52 40005 30050 8200001 10001 12002 13000 14001 15001 19002 20005 50040 60660,/character/660
 Super Saiyan Gohan & Trunks (Youth), Super Saiyan Gohan & Trunks (Youth),BLU,SPARKING,1,-1,8 1 9 26 2 30049 40005 30007 30052 99999 30006 8200021 8200001 8200012 8200014 8200016 8200019 10000 12002 13003 14000 15004 15002 19002 19001 20005 50011 50034 70500 60659,/character/659
Super Saiyan Goten (Kid), ,PUR,SPARKING,0,-1,8 1 9 23 55 40010 99999 10000 12002 13002 14000 15002 19001 20007 50074 60658,/character/658
Super Saiyan God SS Goku, ,BLU,SPARKING,0,-1,7 1 40 45 26 55 40408 30017 99999 10000 12002 13003 14000 15004 19002 20017 50010 60657,/character/657
 Tamagami Number Three, ,PUR,SPARKING,0,200655640,59 60 40501 8200001 8200021 10002 12002 13001 14002 15002 19003 20022 50150 60655,/character/655
Super Saiyan Goku (Mini), ,RED,SPARKING,1,200654640,7 9 1 59 60 23 40501 30062 99999 8200001 8200010 8200021 8200019 10000 12002 13002 14000 15000 19001 20022 50010 70500 60654,/character/654
 Videl, ,BLU,SPARKING,0,-1,4 40010 8200010 8200001 10001 12002 13002 14000 15004 19002 20007 50095 60653,/character/653
Super Saiyan 2 Goku,Super Saiyan 3 Goku,GRN,SPARKING,1,-1,7 38 1 22 40010 30017 30061 99999 41 8200023 8200001 8200021 8200002 10000 12002 13002 14000 15003 19002 20007 50010 70500 60652,/character/652
 Vegeta, ,RED,SPARKING,0,-1,7 2 22 55 40012 30037 30004 99999 10000 12002 13000 14002 15000 19001 20007 50020 60651,/character/651
Super Saiyan Trunks (Teen), ,BLU,SPARKING,0,-1,8 2 9 26 60 55 40106 30007 30036 99999 10000 12002 13000 14000 15004 19002 20015 50034 60650,/character/650
Perfect Form & Final Form Cell & Frieza,Perfect Form & Final Form Cell & Frieza,BLU,SPARKING,0,-1,25 36 31 26 22 32 40403 30002 30052 5 24 42 30003 8200012 8200014 8300004 8200001 10002 10000 12002 13002 14001 15004 15002 19002 19001 20011 50041 50028 60649,/character/649
 Goku Black,Super Saiyan Rosé Goku Black,YEL,SPARKING,1,-1,7 26 52 30049 30061 40408 30004 99999 40 49 8200023 8200001 8200010 8200002 8200021 10000 12002 13001 14001 15001 19002 20017 50069 70500 60648,/character/648
 Mai, ,RED,SPARKING,0,-1,4 26 60 40408 8200001 10001 12002 13003 14000 15000 19002 20017 50038 60647,/character/647
 Vegito,Super Saiyan God SS Vegito,GRN,SPARKING,1,-1,7 26 39 35 30049 30061 40408 30004 99999 45 40 8200023 8200001 8200021 10000 12002 13003 14000 15003 19002 20017 50073 70500 60646,/character/646
 Glorio, ,YEL,SPARKING,0,-1,59 60 40501 8200001 10000 12002 13003 14002 15001 19002 20022 50147 60645,/character/645
 Goku (Mini), ,BLU,SPARKING,0,-1,7 1 59 60 23 40501 30004 30062 8200002 8200010 10000 12002 13002 14000 15004 19001 20022 50010 60644,/character/644
 Hyper Meta-Rilldo, ,YEL,SPARKING,0,-1,33 32 52 60 55 40400 99999 10000 12002 13002 14001 15001 19003 20009 50097 60643,/character/643
 Goku (Mini), ,GRN,SPARKING,0,20642540,7 1 59 60 23 40501 30004 30062 8200001 10000 12002 13002 14000 15003 19001 20022 50010 60642,/character/642
 Majin Buu (Good): Hercule (Assist), ,YEL,SPARKING,0,-1,36 31 40012 30013 30034 8200001 10000 12002 13000 14000 15001 19002 20007 50076 60640,/character/640
Super Saiyan 3 Gotenks, ,RED,SPARKING,1,-1,8 41 39 34 23 40011 30049 99999 8200001 8200010 10000 12002 13003 14000 15000 19001 20007 50077 70500 60639,/character/639
Super Saiyan 3 Goku, ,PUR,SPARKING,0,-1,7 41 1 55 40012 30017 99999 10000 12002 13000 14000 15002 19002 20007 50010 60638,/character/638
 Rasin: Lakasei (Assist), ,YEL,SPARKING,0,-1,58 37 40102 30034 8200014 8200002 10000 12002 13000 14001 15001 19001 20015 50144 60637,/character/637
 Cacao, ,RED,SPARKING,0,-1,58 40102 8200010 8200002 8200021 10002 12002 13001 14001 15000 19002 20015 50141 60635,/character/635
 Amond, ,GRN,SPARKING,0,-1,58 40102 8200002 8200021 10000 12002 13003 14001 15003 19003 20015 50140 60634,/character/634
 Daiz, ,PUR,SPARKING,0,-1,58 40102 8200002 10000 12002 13002 14001 15002 19002 20015 50143 60633,/character/633
 Goku, ,YEL,SPARKING,1,-1,7 1 30049 40102 30004 30017 99999 8200002 8200021 10000 12002 13003 14000 15001 19002 20015 50010 70500 60632,/character/632
 Boujack, ,BLU,SPARKING,0,-1,24 52 54 55 40107 30004 30027 99999 10000 12002 13002 14001 15004 19003 20015 50066 60631,/character/631
 Garlic Jr., Super Garlic Jr.,PUR,SPARKING,0,-1,24 31 52 40100 30027 30028 8200023 8200002 8200010 8200001 8200021 10000 12002 13001 14001 15002 19001 19003 20015 50146 60630,/character/630
 Piccolo & Goku, Piccolo & Goku,RED,SPARKING,0,-1,31 47 7 1 40100 30052 30017 8200012 8200009 8200001 8200018 10002 10000 12002 13003 14002 14000 15000 19002 20015 50012 50010 60629,/character/629
 Jiren, ,PUR,SPARKING,0,-1,53 20 52 56 55 40409 30043 99999 8200021 9137 10000 12002 13000 14000 15002 19003 20018 50124 60627,/character/627
 Videl, ,GRN,SPARKING,0,-1,4 40108 8200001 10001 12002 13000 14000 15003 19002 20015 50095 60626,/character/626
Super Saiyan Goku, ,YEL,SPARKING,0,-1,7 1 9 22 55 40108 30017 99999 10000 12002 13003 14000 15001 19002 20015 50010 60625,/character/625
Super Saiyan Broly,Legendary Super Saiyan Broly,RED,SPARKING,1,-1,7 9 52 30049 40108 30041 99999 30040 8200023 8200001 8200021 8300008 10000 12002 13002 14001 15000 19002 19003 20015 50046 70500 60624,/character/624
Super Saiyan Goten (Kid), ,PUR,SPARKING,0,-1,8 1 9 23 55 40108 99999 10000 12002 13001 14000 15002 19001 20015 50074 60623,/character/623
 Omega Shenron, ,GRN,SPARKING,1,-1,51 32 31 36 39 52 40404 30028 30049 99999 8200001 8300007 8200021 8200019 9136 10002 12002 13003 14001 15003 19003 20012 50107 70500 60622,/character/622
 Syn Shenron, ,RED,SPARKING,0,-1,51 32 52 55 40404 30027 99999 10002 12002 13003 14001 15000 19003 20012 50107 60620,/character/620
Super Saiyan Trunks (Adult) (Rage), ,PUR,SPARKING,0,-1,8 9 26 2 60 55 40408 30007 30035 99999 10000 12002 13003 14000 15002 19002 20017 50034 60619,/character/619
 Majin Buu: Pure Evil, ,GRN,SPARKING,0,-1,36 31 52 40011 30014 8200002 8200021 9136 10002 12002 13001 14001 15003 19002 20007 50076 60618,/character/618
 Ultimate Gohan, ,PUR,SPARKING,1,-1,8 1 30049 40011 30020 30007 99999 8200010 8200001 8200004 8200021 9136 10000 12002 13003 14000 15002 19002 20007 50011 70500 60617,/character/617
God of Destruction Beerus, ,BLU,SPARKING,0,-1,29 40 37 52 40115 8200001 8200018 9136 10000 12002 13003 14002 15004 19002 20015 50087 60616,/character/616
Super Saiyan God Goku, ,GRN,SPARKING,1,-1,7 1 40 44 40115 30017 99999 8200010 8200001 8200021 8200018 8200019 9136 10000 12002 13002 14000 15003 19002 20015 50010 70500 60615,/character/615
 Bulma (Youth), ,BLU,SPARKING,0,-1,4 55 57 60 40300 99999 9136 10001 12002 13003 14000 15004 19002 20001 50093 60614,/character/614
 Android #18, ,YEL,SPARKING,0,-1,25 4 37 55 40010 99999 9136 10001 12002 13000 14000 15001 19002 20007 50040 60612,/character/612
East Supreme Kai Shin, ,RED,SPARKING,0,-1,40 40010 8200001 9136 10000 12002 13000 14000 15000 19001 20007 50142 60611,/character/611
 Broly: Fury, ,GRN,SPARKING,0,-1,7 5 52 40111 30004 30043 30035 8200001 8200021 9136 10000 12002 13002 14001 15003 19003 20015 50046 60610,/character/610
 Vegeta & Goku, Vegeta & Goku,BLU,SPARKING,1,-1,7 2 22 1 9 39 40011 30019 30052 99999 35 8300012 8200012 8200002 8200021 8200001 8300011 8200022 9136 10000 12002 13002 14002 14000 15004 19001 19002 20007 50020 50010 50073 70500 60609,/character/609
Super Saiyan God SS Goku & Vegeta,Super Saiyan God SS Goku & Vegeta,YEL,SPARKING,1,-1,7 1 40 45 2 39 40111 30017 30052 99999 34 30033 8300012 8200012 8200001 8200021 8300010 8200002 8200019 9136 10000 12002 13002 14000 14002 15001 19002 19001 20015 50010 50020 50079 70500 60608,/character/608
 Nappa, Vegeta,PUR,SPARKING,1,-1,5 7 2 52 40000 30061 30049 99999 8200011 8200001 8200021 10000 12002 13003 14001 15002 19002 19001 20003 50019 50020 70500 60607,/character/607
 Yamcha, ,BLU,SPARKING,0,-1,3 40000 8200001 10000 12002 13002 14000 15004 19002 20003 50014 60606,/character/606
 Goku, ,YEL,SPARKING,0,-1,7 1 40000 30004 30017 8200001 10000 12002 13002 14000 15001 19002 20003 50010 60605,/character/605
 Raditz, ,RED,SPARKING,0,-1,5 7 55 40000 99999 8200002 10000 12002 13003 14001 15000 19002 20003 50017 60604,/character/604
Trunks (Parasitism) Baby, ,GRN,SPARKING,0,-1,33 32 24 31 8 52 40402 30060 8200001 10000 12002 13003 14001 15003 19002 20010 50109 60602,/character/602
 Super Baby 2, ,YEL,SPARKING,1,200601640,33 32 24 31 7 52 40402 30002 30049 99999 8200024 8200001 8200021 10000 12002 13002 14001 15001 19002 20010 50109 70500 60601,/character/601
 Broly: Fury, ,BLU,SPARKING,0,-1,7 5 52 55 40111 30004 30035 99999 10000 12002 13003 14001 15004 19003 20015 50046 60600,/character/600
 Android #16, ,GRN,SPARKING,0,-1,25 40007 8200001 8200021 10002 12002 13002 14002 15003 19003 20006 50062 60598,/character/598
 Super Vegeta, ,RED,SPARKING,1,200597640,7 2 9 40006 30019 30049 99999 8200001 8200021 10000 12002 13002 14002 15000 19001 20006 50020 70500 60597,/character/597
1st Form Cell, ,YEL,SPARKING,0,-1,25 36 31 26 52 55 40006 30000 99999 10002 12002 13001 14001 15001 19002 20006 50041 60596,/character/596
 Super #17, ,RED,SPARKING,1,-1,25 33 39 32 52 40403 30049 99999 8200001 10000 12002 13003 14001 15000 19002 20011 50039 70500 60595,/character/595
Red Ribbon Army Piccolo, ,PUR,SPARKING,0,-1,31 33 3 47 55 60 40112 30004 99999 8200001 10002 12002 13000 14000 15002 19002 20015 50012 60594,/character/594
 Rage Shenron, ,YEL,SPARKING,0,-1,51 32 31 40404 8200002 8200021 9136 10002 12002 13000 14001 15001 19003 20012 50137 60593,/character/593
 Bulla: Vegeta (Assist), ,PUR,SPARKING,0,-1,8 32 2 4 7 40402 30034 8200001 10001 12002 13000 14000 15002 19002 20010 50138 60592,/character/592
 Whis, ,PUR,SPARKING,0,-1,28 40 55 60 40405 99999 10000 12002 13002 14002 15002 19002 20019 50088 60591,/character/591
 Pan: Trunks & Giru (Assist), ,YEL,SPARKING,0,-1,8 32 1 4 2 40400 8200001 10001 12002 13002 14000 15001 19001 20009 50033 60589,/character/589
 Goku, ,BLU,SPARKING,1,200588640,7 1 32 23 40404 30004 99999 8200010 8200001 10000 12002 13001 14000 15004 19001 20012 50010 70500 60588,/character/588
God of Destruction Beerus, ,BLU,SPARKING,0,-1,29 40 37 56 55 40409 99999 10000 12002 13000 14002 15004 19002 20018 50087 60587,/character/587
 Goku & Bardock, Goku & Bardock,BLU,SPARKING,1,200583640,7 1 50 30017 40206 30052 30004 99999 8200012 8200014 8200001 8300007 8200021 8200018 10000 12002 13002 14000 14002 15004 15003 19002 20000 50010 50044 70500 60583,/character/583
Final Form Frieza, ,GRN,SPARKING,0,-1,5 24 42 52 55 40003 30003 99999 10000 12002 13002 14001 15003 19001 20004 50028 60582,/character/582
 Golden Frieza, ,GRN,SPARKING,0,-1,5 24 42 22 56 55 40409 30022 30059 99999 10000 12002 13000 14001 15003 19001 20018 50028 60581,/character/581
 Gotenks, ,YEL,SPARKING,0,-1,8 39 34 40112 8200010 8200001 10000 12002 13001 14000 15001 19002 20015 50077 60580,/character/580
 Ultimate Gohan,Beast Gohan,RED,SPARKING,1,-1,8 1 40112 30020 99999 30053 8200023 8200002 8200021 8200001 8200019 10000 12002 13002 14000 15000 19002 20015 50011 70500 60579,/character/579
 Cooler, ,GRN,SPARKING,0,-1,24 42 52 55 40104 30004 99999 10000 12002 13002 14001 15003 19002 20015 50063 60578,/character/578
 Golden Frieza, ,YEL,SPARKING,0,-1,5 24 42 22 56 40409 30022 30059 8200001 10000 12002 13003 14001 15001 19001 20018 50028 60577,/character/577
Super Saiyan God SS Evolved & Super Saiyan God SS Kaioken Vegeta & Goku,Super Saiyan God SS Evolved & Super Saiyan God SS Kaioken Vegeta & Goku,GRN,SPARKING,1,-1,7 2 40 45 56 1 40409 30052 30048 99999 30017 8200012 8200009 8200001 8200021 8200002 10000 12002 13003 14002 14000 15003 19001 19002 20018 50020 50010 70500 60576,/character/576
Super Saiyan Gohan (Youth), ,BLU,SPARKING,0,-1,8 1 9 55 40107 30006 99999 10000 12002 13003 14000 15004 19001 20015 50011 60575,/character/575
 Pikkon, Super Gogeta,GRN,SPARKING,1,-1,22 7 9 39 34 40109 30049 99999 8200011 8200001 8200021 10002 10000 12002 13001 14002 14000 15003 19002 20015 50030 50079 70500 60573,/character/573
Hero Tapion, ,PUR,SPARKING,0,-1,55 60 40110 99999 10000 12002 13001 14000 15002 19002 20015 50106 60571,/character/571
 Demon King Piccolo, ,GRN,SPARKING,0,-1,31 47 52 57 55 40302 30001 99999 10002 12002 13003 14001 15003 19003 20001 50045 60570,/character/570
 Piccolo Jr., ,RED,SPARKING,0,-1,31 47 52 57 40303 8200001 10002 12002 13003 14001 15000 19002 20001 50012 60569,/character/569
 Goku, ,GRN,SPARKING,0,-1,7 1 57 40303 8200001 8200010 10000 12002 13000 14000 15003 19002 20001 50010 60568,/character/568
 Master Roshi, ,YEL,SPARKING,0,-1,57 40113 8200002 10000 12002 13003 14000 15001 19003 20015 50042 60567,/character/567
 Android #8, ,BLU,SPARKING,0,-1,25 57 40113 8200001 8200021 10000 12002 13002 14000 15004 19003 20015 50136 60566,/character/566
 Goku (Youth), ,PUR,SPARKING,1,-1,7 23 1 57 60 40113 99999 8200001 8200010 10000 12002 13003 14000 15002 19001 20015 50010 70500 60565,/character/565
Super Saiyan Goku, ,BLU,SPARKING,1,-1,7 9 1 40003 30018 30049 99999 8200001 8200021 10000 12002 13002 14000 15004 19002 20004 50010 70500 60563,/character/563
 Recoome & Guldo, Recoome & Guldo,YEL,SPARKING,0,-1,5 6 40002 30052 8200012 8200014 8200001 8200021 10000 12002 13001 14001 15001 15003 19003 19001 20004 50025 50023 60562,/character/562
 Jeice & Burter, Jeice & Burter,RED,SPARKING,0,-1,5 6 40002 30052 8200012 8200014 8200001 10000 12002 13003 14001 15000 15004 19002 19003 20004 50026 50024 60561,/character/561
 Captain Ginyu,Goku Captain Ginyu,PUR,SPARKING,0,-1,5 6 40002 7 8200015 8200001 10000 12002 13002 14001 15002 19002 20004 50027 60560,/character/560
 Goku, ,YEL,SPARKING,0,-1,7 1 55 40003 30004 30017 99999 10000 12002 13002 14000 15001 19002 20004 50010 60559,/character/559
 Android #18, ,RED,SPARKING,0,-1,25 4 37 55 40006 99999 10001 12002 13000 14001 15000 19002 20006 50040 60558,/character/558
Super Saiyan Gohan (Youth), ,GRN,SPARKING,0,-1,8 1 9 40007 30006 10000 12002 13001 14000 15003 19001 20006 50011 60556,/character/556
Perfect Form Cell, ,PUR,SPARKING,1,200555640,25 36 31 26 52 40007 30002 30049 99999 8300001 8200001 8200018 10002 12002 13003 14001 15002 19002 20006 50041 70500 60555,/character/555
 Goku Black, ,RED,SPARKING,0,-1,7 26 52 55 40408 30004 99999 9135 10000 12002 13003 14001 15000 19002 20017 50069 60553,/character/553
 Gohan, ,RED,SPARKING,0,-1,8 1 40112 30004 9135 10000 12002 13000 14000 15000 19002 20015 50011 60552,/character/552
Power Awakening Piccolo, Orange Piccolo,GRN,SPARKING,1,-1,31 33 3 47 24 40112 30054 99999 30055 8200011 8200001 8200024 8200021 9135 10002 12002 13002 14000 15003 19002 19003 20015 50012 70500 60551,/character/551
 Magenta, ,GRN,SPARKING,0,-1,52 25 40112 8300001 8200001 9135 10000 12002 13000 14001 15003 19001 20015 50135 60550,/character/550
 Gamma 1 & Gamma 2, Gamma 1 & Gamma 2,YEL,SPARKING,1,-1,25 60 40112 30052 99999 8200012 8200002 9135 10002 12002 13003 14002 15001 19002 20015 50130 50131 70500 60549,/character/549
 Android #13, ,BLU,SPARKING,0,-1,25 52 55 40106 30027 99999 9135 10002 12002 13002 14001 15004 19002 20015 50101 60548,/character/548
Final Form Cooler, ,GRN,SPARKING,0,-1,24 42 52 55 40104 30003 99999 8200021 9135 10000 12002 13003 14001 15003 19003 20015 50063 60547,/character/547
Super Saiyan God SS Vegeta, ,GRN,SPARKING,0,-1,7 2 40 45 56 55 40409 30033 30047 99999 9135 10000 12002 13003 14002 15003 19001 20018 50020 60546,/character/546
 Ultimate Gohan, ,YEL,SPARKING,0,-1,8 1 56 55 40409 30020 30007 99999 9135 10000 12002 13002 14000 15001 19002 20018 50011 60545,/character/545
 Kyawei, ,GRN,SPARKING,0,-1,53 13 4 56 60 40409 8200001 9135 10001 12002 13000 14002 15003 19002 20018 50134 60542,/character/542
 Kahseral, ,RED,SPARKING,0,-1,53 20 56 40409 8200010 9135 10000 12002 13002 14000 15000 19002 20018 50133 60541,/character/541
 Jiren, Jiren: Full Power,YEL,SPARKING,0,-1,53 20 52 56 40409 30043 30044 8200023 8200001 8200021 8200024 8200002 8200019 9135 10000 12002 13001 14000 15001 19003 20018 50124 60540,/character/540
 Goku & Final Form Frieza, Goku & Final Form Frieza,PUR,SPARKING,1,-1,7 1 56 5 24 42 40409 30004 30017 30052 22 99999 30003 8200012 8200014 8200001 8300005 8200021 9135 10000 12002 13002 14000 14001 15002 15004 19002 19001 20018 50010 50028 70500 60539,/character/539
Super Saiyan 3 & Super Saiyan 2 Goku & Vegeta,Super Saiyan 3 & Super Saiyan 2 Goku & Vegeta,BLU,SPARKING,1,20536540,7 41 1 38 2 22 40012 30017 99999 30052 30019 8200012 8200009 8200002 10000 12002 13003 14000 14002 15004 19002 19001 20007 50010 50020 70500 60536,/character/536
 Pui Pui, ,GRN,SPARKING,0,-1,55 40009 99999 8200001 10002 12002 13003 14001 15003 19002 20007 50132 60535,/character/535
2nd Form Cell,Perfect Form Cell,RED,SPARKING,0,-1,25 36 31 26 52 40006 30001 30002 8200023 8200001 10002 12002 13002 14001 15000 19002 20006 50041 60534,/character/534
Super Saiyan Trunks (Adult), ,PUR,SPARKING,0,-1,8 2 9 26 60 30050 40408 30007 30036 8200004 10000 12002 13002 14000 15002 19002 20017 50034 60533,/character/533
Super Saiyan 2 Trunks (Adult), ,BLU,SPARKING,0,-1,8 2 38 26 55 60 40408 30007 30036 99999 10000 12002 13000 14000 15004 19002 20017 50034 60531,/character/531
 Master Roshi, ,YEL,SPARKING,0,-1,3 56 40409 8300004 10000 12002 13003 14000 15001 19001 20018 50042 60528,/character/528
Super Saiyan God SS Goku,Ultra Instinct -Sign- Goku,GRN,SPARKING,1,200527640,7 1 40 45 56 40409 30017 99999 30000 30038 8200011 8200001 10000 12002 13003 14000 15003 19002 20018 50010 70500 60527,/character/527
Super Saiyan 2 Kefla, ,PUR,SPARKING,0,-1,7 38 4 39 35 15 53 40409 56 99999 55 10001 12002 13003 14000 15002 19002 20018 50111 60526,/character/526
 Saiyan in Red, ,RED,SPARKING,0,-1,7 40206 30031 99999 10000 12002 13003 14001 15000 19002 20000 50086 60525,/character/525
 Zahha, ,BLU,SPARKING,0,-1,60 40206 99999 10000 12002 13000 14002 15004 19002 20000 50002 60524,/character/524
 Giblet, ,RED,SPARKING,0,-1,7 40206 30032 99999 8200014 9136 10000 12002 13001 14001 15000 19002 20000 50001 60523,/character/523
Super Saiyan Goku, ,RED,SPARKING,0,-1,7 1 9 32 23 55 40400 99999 10000 12002 13003 14000 15000 19001 20009 50010 60522,/character/522
Super Saiyan Broly: Full Power, ,BLU,SPARKING,0,-1,7 9 52 55 40111 99999 8200010 10000 12002 13001 14001 15004 19003 20015 50046 60519,/character/519
 Fusion Zamasu, ,GRN,SPARKING,0,-1,40 26 31 39 35 52 40408 30045 99999 55 10000 12002 13002 14001 15003 19002 20017 50070 60516,/character/516
 Zamasu, ,BLU,SPARKING,0,-1,40 26 31 52 40408 30004 8200010 10000 12002 13001 14002 15004 19002 20017 50070 60515,/character/515
Super Saiyan 2 & Super Saiyan God SS Trunks (Adult) & Vegeta,Super Saiyan 2 & Super Saiyan God SS Trunks (Adult) & Vegeta,YEL,SPARKING,1,200514640,2 8 26 38 60 7 40 45 40408 99999 30052 30007 30036 30033 8200012 8200009 8200002 8200001 10000 12002 13003 14000 14002 15001 19002 19001 20017 50034 50020 70500 60514,/character/514
 Android #17, ,BLU,SPARKING,1,-1,25 37 56 40409 30049 99999 8200010 8200002 10000 12002 13003 14000 15004 19002 20018 50039 70500 60510,/character/510
 Super #17, ,YEL,SPARKING,0,-1,25 33 39 32 52 55 40400 99999 8200004 10000 12002 13002 14001 15001 19002 20011 50039 60507,/character/507
 Buu: Super, ,PUR,SPARKING,0,-1,36 31 52 55 40011 30015 99999 10002 12002 13000 14001 15002 19002 20007 50076 60503,/character/503
 Android #17, ,PUR,SPARKING,0,-1,25 37 32 52 40403 10000 12002 13000 14001 15002 19002 20011 50039 60502,/character/502
Super Saiyan 4 Goku & Vegeta,Super Saiyan 4 Goku & Vegeta,GRN,SPARKING,1,-1,7 32 48 1 2 40404 30043 99999 30052 8200012 8200009 8200021 8200001 8200018 10000 12002 13002 14000 14002 15003 19002 19001 20012 50010 50020 70500 60501,/character/501
 Pan, ,RED,SPARKING,0,-1,8 1 4 23 40112 8200001 10001 12002 13000 14000 15000 19001 20015 50033 60500,/character/500
 Goku Black, ,BLU,SPARKING,0,-1,7 26 52 40408 30004 10000 12002 13000 14001 15004 19002 20017 50069 60499,/character/499
 Mecha Frieza, ,PUR,SPARKING,0,-1,5 42 40005 30003 10000 12002 13003 14001 15002 19001 20005 50028 60498,/character/498
Super Saiyan Trunks (Teen), ,GRN,SPARKING,1,20497540,8 2 9 26 60 40005 30007 30036 99999 8200021 8200002 10000 12002 13002 14000 15003 19002 20005 50034 70500 60497,/character/497
Final Form Cooler, ,RED,SPARKING,1,200494640,24 42 52 40104 30003 99999 8200021 8200001 10000 12002 13002 14001 15000 19003 20015 50063 70500 60494,/character/494
 Metal Cooler, ,BLU,SPARKING,0,-1,42 33 31 52 55 40105 99999 10000 12002 13003 14001 15004 19002 20015 50063 60493,/character/493
Power Awakening Piccolo, ,PUR,SPARKING,0,-1,31 33 3 47 24 40112 30054 8200001 10002 12002 13003 14000 15002 19002 20015 50012 60492,/character/492
Beast Gohan, ,BLU,SPARKING,1,-1,8 1 40112 30053 99999 8200021 8200003 8200010 10000 12002 13002 14000 15004 19002 20015 50011 70500 60491,/character/491
Perfect Form Cell, ,YEL,SPARKING,0,-1,25 36 31 26 52 55 40006 30002 99999 10002 12002 13000 14001 15001 19002 20006 50041 60490,/character/490
 Tien, ,BLU,SPARKING,0,-1,3 40011 8300002 10000 12002 13003 14000 15004 19002 20007 50015 60489,/character/489
Ultimate Gohan Absorbed Buu: Super, ,RED,SPARKING,0,-1,36 31 52 40011 30024 8200001 10002 12002 13003 14001 15000 19002 20007 50076 60488,/character/488
 Majin Vegeta, ,PUR,SPARKING,0,-1,7 38 2 55 40010 30016 99999 9134 9139 10000 12002 13001 14001 15002 19001 20007 50020 60486,/character/486
Hero Tapion, ,YEL,SPARKING,0,-1,52 60 40110 8300001 9134 9139 10000 12002 13000 14000 15001 19002 20015 50106 60483,/character/483
Super Saiyan 3 Goku, ,GRN,SPARKING,1,20482540,7 41 1 40110 30017 99999 8200001 9134 9139 10000 12002 13002 14000 15003 19002 20015 50010 70500 60482,/character/482
 Tien, ,GRN,SPARKING,0,-1,3 55 56 40409 99999 9134 9139 10000 12002 13003 14000 15003 19002 20018 50015 60481,/character/481
 Krillin, ,YEL,SPARKING,0,-1,3 55 56 40409 99999 9134 9139 10000 12002 13001 14000 15001 19001 20018 50013 60480,/character/480
 Goku, ,PUR,SPARKING,0,-1,7 1 55 56 30004 40409 30017 99999 9134 9139 10000 12002 13002 14000 15002 19002 20018 50010 60479,/character/479
Super Saiyan Vegeta,Super Saiyan God SS Vegeta,BLU,SPARKING,0,-1,7 2 9 56 40409 30033 40 45 8200023 9134 9139 10000 12002 13001 14002 15004 19001 20018 50020 60478,/character/478
Ultra Instinct Goku, ,RED,SPARKING,1,-1,7 1 40 56 40409 30038 99999 30001 8300000 8200010 8200003 9134 9139 10000 12002 13002 14000 15000 19002 20018 50010 70500 60477,/character/477
 Gamma 2, ,BLU,SPARKING,0,-1,25 60 40112 10002 12002 13002 14002 15004 19002 20015 50131 60476,/character/476
 Gamma 1, ,GRN,SPARKING,0,-1,25 60 40112 10002 12002 13003 14002 15003 19002 20015 50130 60475,/character/475
Super Saiyan Gogeta, ,PUR,SPARKING,0,-1,7 9 39 34 55 40111 99999 9134 9139 10000 12002 13002 14000 15002 19002 20015 50079 60474,/character/474
 Android #17 & Android #18, Android #17 & Android #18,RED,SPARKING,1,-1,25 4 37 26 52 40005 99999 30052 8200012 8200009 8200013 8200002 10000 10001 12002 13003 14001 15000 19002 20005 50039 50040 70500 60472,/character/472
Super Saiyan Trunks (Teen), ,YEL,SPARKING,0,-1,8 2 9 26 55 40005 30007 30036 99999 60 10000 12002 13002 14000 15001 19002 20005 50034 60471,/character/471
 Whis, ,PUR,SPARKING,0,-1,28 40 60 40406 10000 12002 13000 14002 15002 19002 20013 50088 60470,/character/470
 Golden Frieza, ,GRN,SPARKING,0,-1,5 24 42 22 56 40409 30022 30058 10000 12002 13003 14001 15003 19001 20018 50028 60469,/character/469
Super Saiyan God SS Vegeta, ,BLU,SPARKING,0,-1,7 2 40 45 55 40406 30033 30047 99999 10000 12002 13003 14002 15004 19001 20013 50020 60467,/character/467
Super Saiyan God SS Goku, ,RED,SPARKING,0,-1,7 1 40 45 55 40406 30017 99999 10000 12002 13001 14000 15000 19002 20013 50010 60466,/character/466
God of Destruction Beerus, ,BLU,SPARKING,0,-1,29 40 37 56 40409 8200020 10000 12002 13002 14002 15004 19002 20018 50087 60463,/character/463
 Jiren: Full Power, ,PUR,SPARKING,1,20462540,53 20 52 56 40409 30044 99999 8200010 8200001 8200021 8200018 10000 12002 13003 14000 15002 19003 20018 50124 70500 60462,/character/462
 Android #18, ,GRN,SPARKING,0,-1,25 4 37 55 40005 99999 10001 12002 13002 14001 15003 19002 20005 50040 60461,/character/461
Final Form Frieza,Final Form Frieza,BLU,SPARKING,0,200460640,5 24 42 52 40003 30003 30051 8200011 10000 12002 13003 14001 15004 19001 20004 50028 60460,/character/460
Kaioken Goku, ,GRN,SPARKING,0,20459540,7 1 40003 30004 30017 10000 12002 13002 14000 15003 19002 20004 50010 60459,/character/459
 Bardock, ,YEL,SPARKING,1,20456540,7 50 40205 30004 99999 8200010 8200002 10000 12002 13003 14002 15001 19002 20014 50044 70500 60456,/character/456
1st Form Frieza, ,GRN,SPARKING,0,-1,5 24 42 52 55 40204 30000 99999 8200021 10000 12002 13002 14001 15003 19001 20014 50028 60455,/character/455
 Zamasu: Goku Black (Assist), ,GRN,SPARKING,0,200452640,40 26 31 7 49 52 40408 30004 10000 12002 13001 14001 15003 19002 20017 50070 60452,/character/452
Super Saiyan Trunks (Adult), ,BLU,SPARKING,1,20451540,8 9 26 2 60 40408 30007 30036 99999 8200022 8200001 8200010 10000 12002 13002 14000 15004 19002 20017 50034 70500 60451,/character/451
 Broly, ,GRN,SPARKING,0,-1,7 5 52 40111 30004 10000 12002 13002 14002 15003 19003 20015 50046 60449,/character/449
Super Saiyan God SS Goku & Vegeta,Super Saiyan God SS Goku & Vegeta,PUR,SPARKING,1,20448540,7 40 45 1 2 40111 30017 90000 99999 30033 8200012 8200009 8200002 8200022 8200001 10000 12002 13002 14000 14002 15002 19002 19001 20015 50010 50020 70500 60448,/character/448
Super Saiyan Rosé Goku Black, ,YEL,SPARKING,0,-1,7 26 40 49 52 55 40408 99999 10000 12002 13002 14001 15001 19002 20017 50069 60447,/character/447
Fused with Nail Piccolo, ,RED,SPARKING,0,-1,3 31 33 47 40104 30010 8200022 10002 12002 13002 14002 15000 19002 20015 50012 60445,/character/445
Super Saiyan Goku, ,YEL,SPARKING,0,-1,7 1 9 40104 30018 8200001 8200018 10000 12002 13001 14000 15001 19002 20015 50010 60444,/character/444
 Gohan (Kid): Piccolo (Assist), Gohan (Kid),GRN,SPARKING,0,20441540,8 1 23 31 47 3 40000 30005 30034 8200011 8200001 10000 12002 13003 14000 15003 19001 20003 50011 60441,/character/441
 Vegeta, ,RED,SPARKING,1,20433540,5 7 52 2 99999 40000 30004 30019 8200010 8200022 8200018 10000 12002 13002 14001 15000 19001 20003 50020 70500 60433,/character/433
 Perfect Cell, ,PUR,SPARKING,1,20432540,25 36 31 26 52 40006 30003 30049 99999 8200022 8200002 10002 12002 13002 14001 15002 19002 20006 50041 70500 60432,/character/432
Super Saiyan 2 Caulifla: Kale (Assist), ,YEL,SPARKING,0,-1,7 38 15 53 4 56 40409 30034 10001 12002 13003 14000 15001 19001 20018 50067 60431,/character/431
God of Destruction Toppo, ,GRN,SPARKING,0,20430540,29 40 20 53 56 40409 10000 12002 13003 14000 15003 19003 20018 50125 60430,/character/430
Super Saiyan God SS Evolved Vegeta, ,YEL,SPARKING,1,20428540,7 2 40 45 56 40409 30033 30048 99999 8200002 8200022 10000 12002 13003 14002 15001 19001 20018 50020 70500 60428,/character/428
Legendary Super Saiyan Broly, ,PUR,SPARKING,0,-1,7 9 52 55 40108 30040 99999 8200025 10000 12002 13002 14001 15002 19003 20015 50046 60427,/character/427
 Majuub, ,YEL,SPARKING,0,-1,32 39 33 40402 8200010 8200018 10000 12002 13003 14000 15001 19002 20010 50127 60425,/character/425
Super Saiyan 3 Goku, ,BLU,SPARKING,0,20424540,7 41 1 32 23 40402 8200018 10000 12002 13002 14000 15004 19001 20010 50010 60424,/character/424
Final Form Frieza: Full Power, ,YEL,SPARKING,1,20414540,5 24 42 52 40003 30021 99999 8200013 8200002 8200021 10000 12002 13003 14001 15001 19001 20004 50028 70500 60414,/character/414
Super Saiyan Trunks (Teen), ,GRN,SPARKING,0,-1,8 9 2 26 40107 30007 30036 9133 9139 10000 12002 13002 14000 15003 19002 20015 50034 60412,/character/412
 Boujack, Full Power Boujack,RED,SPARKING,0,200411640,24 52 54 40107 30004 30027 30028 8200023 9133 9139 10000 12002 13001 14001 15000 19003 20015 50066 60411,/character/411
Super Saiyan Gohan (Youth),Super Saiyan 2 Gohan (Youth),PUR,SPARKING,1,-1,8 1 9 40107 30006 99999 38 8200011 8200018 9133 9139 10000 12002 13002 14000 15002 19001 20015 50011 70500 60409,/character/409
Super Saiyan Trunks (Kid), ,GRN,SPARKING,0,-1,8 2 23 9 55 40010 99999 10000 12002 13003 14000 15003 19001 20007 50034 60408,/character/408
 Gohan (Kid), ,BLU,SPARKING,0,-1,8 1 23 55 40000 30005 30039 99999 9137 10000 12002 13003 14000 15004 19001 20003 50011 60407,/character/407
Super Saiyan God SS Goku, ,PUR,SPARKING,0,-1,7 1 40 45 55 70202 40406 30017 99999 9133 9139 10000 12002 13003 14000 15002 19002 20013 50010 60406,/character/406
Super Saiyan God Goku, ,GRN,SPARKING,0,-1,7 1 40 44 55 70203 40405 30017 99999 9133 9139 10000 12002 13002 14000 15003 19002 20019 50010 60405,/character/405
Super Saiyan 3 Goku, ,YEL,SPARKING,0,-1,7 41 1 55 70201 40012 30017 99999 9133 9139 10000 12002 13002 14000 15001 19002 20007 50010 60404,/character/404
Super Saiyan 2 Goku, ,BLU,SPARKING,0,-1,7 38 1 22 55 70204 40009 30017 99999 9133 9139 10000 12002 13001 14000 15004 19002 20007 50010 60403,/character/403
Super Saiyan Goku, ,YEL,SPARKING,0,-1,7 9 1 55 70201 40003 30018 99999 9133 9139 10000 12002 13003 14000 15001 19002 20004 50010 60402,/character/402
 Goku, ,RED,SPARKING,0,-1,7 1 55 70200 40000 30004 30017 99999 9133 9139 10000 12002 13002 14000 15000 19002 20003 50010 60401,/character/401
Super Saiyan 2 Kefla, ,RED,SPARKING,0,-1,7 38 4 39 35 15 53 40409 56 9133 9139 10001 12002 13002 14000 15000 19002 20018 50111 60397,/character/397
Super Saiyan God SS Vegito, ,PUR,SPARKING,0,200396640,7 45 40 26 39 35 40408 9133 9139 10000 12002 13003 14000 15002 19002 20017 50073 60396,/character/396
Half-Corrupted Fusion Zamasu, ,RED,SPARKING,1,20395540,40 26 31 39 35 52 40408 30046 99999 8200001 8200018 9133 9139 10000 12002 13002 14001 15000 19003 20017 50070 70500 60395,/character/395
Super Saiyan 4 Gogeta, ,GRN,SPARKING,1,20392540,7 48 39 32 34 40404 99999 8200021 8200003 8200022 9133 9139 10000 12002 13001 14000 15003 19002 20012 50079 70500 60392,/character/392
 Android #17, ,YEL,SPARKING,0,-1,25 37 56 40409 8200001 10000 12002 13002 14000 15001 19002 20018 50039 60390,/character/390
 Android #18, ,BLU,SPARKING,0,200389640,25 4 37 56 40409 10001 12002 13002 14000 15004 19002 20018 50040 60389,/character/389
Super Saiyan 4 Goku, ,YEL,SPARKING,1,20388540,7 1 32 48 30056 40404 30043 99999 8200004 10000 12002 13002 14000 15001 19002 20012 50010 70500 60388,/character/388
Super Saiyan God SS Goku,Super Saiyan God SS Goku,BLU,SPARKING,0,-1,7 1 40 45 40408 30017 8200011 8200018 10000 12002 13001 14000 15004 19002 20017 50010 60386,/character/386
 Trunks: Mai (Assist), ,RED,SPARKING,0,20384540,8 26 2 4 60 40408 30034 30036 30007 10000 12002 13002 14000 15000 19002 20017 50034 60384,/character/384
Super Saiyan Rosé Goku Black, ,PUR,SPARKING,1,20383540,7 26 40 49 52 40408 99999 8200013 8200001 10000 12002 13002 14001 15002 19002 20017 50069 70500 60383,/character/383
 Demon King Piccolo (Aged), Demon King Piccolo,PUR,SPARKING,0,-1,31 47 52 57 40302 30000 30001 8200023 10002 12002 13003 14001 15002 19003 20001 50045 60381,/character/381
Super Saiyan Broly, ,YEL,SPARKING,0,20380540,7 9 52 40108 30041 8200001 10000 12002 13002 14001 15001 19002 20015 50046 60380,/character/380
 Bulma (Youth), ,PUR,SPARKING,0,-1,4 55 57 60 40206 99999 10001 12002 13001 14000 15002 19002 20000 50093 60379,/character/379
 Vegeta, ,YEL,SPARKING,0,-1,7 2 22 40012 30037 30004 10000 12002 13000 14002 15001 19001 20007 50020 60378,/character/378
 Buu: Kid, ,BLU,SPARKING,1,20377540,36 31 52 40012 30029 99999 8200010 10002 12002 13003 14001 15004 19001 20007 50076 70500 60377,/character/377
Super Saiyan Gohan, ,YEL,SPARKING,1,200375640,8 1 9 26 40005 30007 99999 8200002 8200010 10000 12002 13002 14000 15001 19002 20005 50011 70500 60375,/character/375
 Goku, ,PUR,SPARKING,0,-1,7 1 55 30004 40111 30017 99999 10000 12002 13001 14000 15002 19002 20015 50010 60374,/character/374
 Vegeta, ,RED,SPARKING,0,-1,7 2 55 40111 30033 99999 30004 10000 12002 13003 14002 15000 19001 20015 50020 60373,/character/373
Final Form Frieza, ,RED,SPARKING,0,200371640,5 24 42 40111 30003 10000 12002 13003 14001 15000 19001 20015 50028 60371,/character/371
Super Saiyan Broly: Full Power, ,BLU,SPARKING,1,20370540,7 9 52 40111 99999 8200021 8200001 10000 12002 13002 14001 15004 19003 20015 50046 70500 60370,/character/370
Ultra Instinct -Sign- Goku, ,PUR,SPARKING,1,20366540,7 1 40 56 30000 40409 30038 99999 8200003 8200018 10000 12002 13003 14000 15002 19002 20018 50010 70500 60366,/character/366
 Metal Cooler, ,GRN,SPARKING,0,-1,42 33 31 52 40105 10000 12002 13002 14001 15003 19002 20015 50063 60364,/character/364
Super Saiyan Vegeta, ,PUR,SPARKING,0,-1,7 9 2 40105 30019 10000 12002 13001 14002 15002 19001 20015 50020 60363,/character/363
 Goku Black,Super Saiyan Rosé Goku Black,GRN,SPARKING,0,-1,7 26 52 40408 30004 40 49 8200023 10000 12002 13003 14001 15003 19002 20017 50069 60350,/character/350
 Great Saiyaman 1 & 2 (Assist), ,RED,SPARKING,0,20349540,8 1 24 4 40110 30034 10003 12002 13000 14000 15000 19002 20015 50098 60349,/character/349
 Vegeta, Majin Vegeta,BLU,SPARKING,1,20346540,7 2 40010 30037 30004 99999 38 30016 8200023 8200018 10000 12002 13002 14002 14001 15004 19001 20007 50020 70500 60346,/character/346
Perfect Form Cell, Perfect Cell,RED,SPARKING,0,20345540,25 36 31 26 52 40006 30002 30003 8200011 10002 12002 13003 14001 15000 19002 20006 50041 60345,/character/345
 Trunks (Kid),Super Saiyan Trunks (Kid),GRN,SPARKING,0,-1,8 2 23 40010 30004 9 8200023 10000 12002 13002 14000 15003 19001 20007 50034 60344,/character/344
 Goten (Kid),Super Saiyan Goten (Kid),YEL,SPARKING,0,-1,8 1 23 40010 30004 9 8200023 10000 12002 13000 14000 15001 19001 20007 50074 60343,/character/343
 Dyspo, ,RED,SPARKING,0,-1,53 20 56 40409 10000 12002 13003 14000 15000 19002 20018 50126 60342,/character/342
 Toppo, ,BLU,SPARKING,0,-1,53 20 56 40409 30004 8200010 10000 12002 13001 14000 15004 19003 20018 50125 60341,/character/341
 Jiren, ,GRN,SPARKING,0,20340540,53 20 52 56 40409 30043 8200001 8200021 10000 12002 13002 14000 15003 19003 20018 50124 60340,/character/340
Super Saiyan Goku, ,GRN,SPARKING,0,-1,7 1 9 40105 30017 10000 12002 13002 14000 15003 19002 20015 50010 60339,/character/339
 Turles, ,YEL,SPARKING,0,200338640,7 52 58 40102 10000 12002 13003 14001 15001 19002 20015 50037 60338,/character/338
 Hit, ,PUR,SPARKING,0,-1,15 53 40408 8200013 8200001 10000 12002 13002 14002 15002 19002 20017 50100 60337,/character/337
Wasteland Bandit Yamcha, ,GRN,SPARKING,0,200328640,57 60 40300 10000 12002 13002 14001 15003 19002 20001 50014 60328,/character/328
Gotenks Absorbed Buu: Super, ,BLU,SPARKING,0,20327540,36 31 52 40011 30023 10002 12002 13003 14001 15004 19002 20007 50076 60327,/character/327
 Gohan (Adult), Ultimate Gohan,BLU,SPARKING,0,-1,8 1 56 40409 30004 30007 30020 8200023 10000 12002 13003 14000 15004 19002 20018 50011 60326,/character/326
Super Full Power Saiyan 4 Goku, ,GRN,SPARKING,0,20322540,7 48 32 1 40404 30044 9132 10000 12002 13003 14000 15003 19002 20012 50010 60322,/character/322
 Omega Shenron, ,RED,SPARKING,0,20321540,51 32 31 36 39 52 40404 30028 8200018 9132 10002 12002 13002 14001 15000 19003 20012 50107 60321,/character/321
 Fusion Zamasu, ,PUR,SPARKING,0,20320540,40 26 31 39 35 52 40408 30045 8200001 9132 10000 12002 13003 14001 15002 19002 20017 50070 60320,/character/320
Super Saiyan Trunks (Adult) (Rage), ,YEL,SPARKING,0,-1,8 9 26 2 60 40408 30007 30035 9132 10000 12002 13001 14000 15001 19002 20017 50034 60319,/character/319
Super Saiyan God SS Vegito, ,BLU,SPARKING,1,20318540,7 45 40 26 39 35 40408 99999 8200002 8200021 9132 10000 12002 13002 14000 15004 19002 20017 50073 70500 60318,/character/318
Super Saiyan God SS Vegeta, ,PUR,SPARKING,0,20315540,7 2 40 45 26 40408 30033 30047 10000 12002 13003 14002 15002 19001 20017 50020 60315,/character/315
Super Saiyan God SS Goku, ,RED,SPARKING,0,-1,7 1 40 45 26 40408 30017 8200001 10000 12002 13002 14000 15000 19002 20017 50010 60314,/character/314
Super Saiyan Gotenks,Super Saiyan 3 Gotenks,RED,SPARKING,0,200313640,8 9 39 34 23 40011 41 8200023 10000 12002 13002 14000 15000 19001 20007 50077 60313,/character/313
 Pikkon, Pikkon,RED,SPARKING,0,-1,22 52 40500 8200023 10002 12002 13003 14000 15000 19002 20014 50030 60311,/character/311
Super Kaioken Goku, ,GRN,SPARKING,0,-1,7 9 1 22 40500 30017 8200010 10000 12002 13003 14000 15003 19002 20014 50010 60310,/character/310
 Vegito, Super Vegito,YEL,SPARKING,0,-1,7 39 35 40011 30004 9 8200023 10000 12002 13003 14000 15001 19002 20007 50073 60306,/character/306
 Bardock, Bardock,RED,SPARKING,0,200305640,7 50 40204 30004 8200023 8200002 10000 12002 13002 14002 15000 19002 20014 50044 60305,/character/305
1st Form Frieza, ,PUR,SPARKING,1,20304540,5 24 42 52 40204 30000 99999 8200001 10000 12002 13000 14001 15002 19001 20014 50028 70500 60304,/character/304
 Lavender, ,PUR,SPARKING,0,-1,18 53 56 40409 10000 12002 13003 14001 15002 19002 20018 50113 60303,/character/303
 Bergamo, ,RED,SPARKING,0,20302540,18 53 56 40409 8200025 10000 12002 13001 14001 15000 19002 20018 50112 60302,/character/302
 Basil, ,BLU,SPARKING,0,-1,18 53 56 40409 10000 12002 13002 14001 15004 19002 20018 50114 60301,/character/301
 Android #21: Good, ,GRN,SPARKING,0,20300540,25 31 4 24 36 20020 30013 8200004 10001 12002 13003 14000 15003 19002 50116 60300,/character/300
 Android #21, ,RED,SPARKING,0,20299540,25 31 4 24 36 55 20020 30013 99999 8200022 10001 12002 13003 14002 15000 19002 50116 60299,/character/299
 Android #21: Evil, Android #21: Transformed (Evil),PUR,SPARKING,0,20298540,25 31 4 24 36 52 20020 30015 30030 8200023 10001 12002 13002 14001 15002 19002 50116 60298,/character/298
 Android #21, ,BLU,SPARKING,0,20297540,25 31 4 24 36 52 55 30004 99999 20020 10001 12002 13000 14002 15004 19002 50116 60297,/character/297
 Baby Vegeta, ,GRN,SPARKING,0,-1,33 32 24 31 7 52 40402 30000 10002 12002 13000 14001 15003 19001 20010 50109 60296,/character/296
1st Form Cell, ,GRN,SPARKING,0,20295540,25 36 31 26 52 40006 30000 10002 12002 13003 14001 15003 19002 20006 50041 60295,/character/295
Super Saiyan Trunks (Teen), ,RED,SPARKING,0,20294540,8 9 2 26 40007 30007 30036 8200010 10000 12002 13002 14000 15000 19002 20006 50034 60294,/character/294
Super Saiyan 2 Kefla, ,GRN,SPARKING,0,20293540,7 38 4 39 35 15 53 40409 56 8200021 10001 12002 13002 14002 15003 19002 20018 50111 60293,/character/293
 Super Baby 2, ,BLU,SPARKING,0,20290540,33 32 24 31 7 52 40402 30002 10002 12002 13000 14001 15004 19002 20010 50109 60290,/character/290
 Super Janemba, ,RED,SPARKING,0,20289540,24 31 52 60 40109 8200024 10002 12002 13002 14001 15000 19002 20015 50080 60289,/character/289
 Super Gogeta, ,GRN,SPARKING,0,20288540,7 9 22 39 34 40109 10000 12002 13003 14000 15003 19002 20015 50079 60288,/character/288
Super Saiyan Vegeta,Super Saiyan God Vegeta,BLU,SPARKING,0,200287640,7 2 9 40111 30033 40 44 8200023 10000 12002 13003 14002 15004 19001 20015 50020 60287,/character/287
Super Saiyan God Goku, ,PUR,SPARKING,0,200286640,7 1 40 44 70202 40111 30017 10000 12002 13001 14000 15002 19002 20015 50010 60286,/character/286
Super Saiyan God SS Gogeta, ,YEL,SPARKING,1,20285540,7 45 39 40 34 40111 99999 8200024 8200001 10000 12002 13002 14000 15001 19002 20015 50079 70500 60285,/character/285
Kakarot Goku, ,RED,SPARKING,0,20278540,7 1 55 70200 20021 30004 30017 99999 10000 12002 13002 14000 15000 19002 50010 60278,/character/278
 Broly: Cheelai (Assist), ,BLU,SPARKING,0,20277540,7 5 4 60 40111 30034 10003 12002 13002 14002 15004 19003 20015 50046 60277,/character/277
Hero Tapion, ,RED,SPARKING,0,20276540,60 40110 10000 12002 13002 14000 15000 19002 20015 50106 60276,/character/276
 Eis Shenron, ,BLU,SPARKING,0,-1,51 32 37 40404 8200024 9133 9139 10002 12002 13003 14001 15004 19002 20012 50120 60275,/character/275
 Syn Shenron, ,YEL,SPARKING,0,20273540,51 32 52 40404 30027 8200010 10002 12002 13001 14001 15001 19003 20012 50107 60273,/character/273
 Nuova Shenron, ,YEL,SPARKING,0,200272640,51 32 37 40404 8200025 9133 9139 10002 12002 13002 14002 15001 19002 20012 50108 60272,/character/272
Super Saiyan 4 Vegeta, ,RED,SPARKING,0,20271540,7 2 32 48 40404 10000 12002 13003 14002 15000 19001 20012 50020 60271,/character/271
Super Saiyan 4 Goku, ,PUR,SPARKING,0,20270540,7 1 32 48 70202 40402 30043 10000 12002 13002 14000 15002 19002 20010 50010 60270,/character/270
Final Form Frieza, Golden Frieza,RED,SPARKING,0,-1,5 24 42 52 40406 30003 30022 30058 8200023 10000 12002 13002 14001 15000 19001 20013 50028 60268,/character/268
 Cooler,Final Form Cooler,PUR,SPARKING,0,-1,24 42 52 40104 30004 30003 8200023 8200021 10000 12002 13001 14001 15002 19003 20015 50063 60266,/character/266
Super Saiyan God SS Vegeta, ,GRN,SPARKING,1,20265540,7 2 40 45 26 30047 40408 30033 99999 10000 12002 13002 14002 15003 19001 20017 50020 70500 60265,/character/265
Super Saiyan Rosé Goku Black, ,RED,SPARKING,0,20264540,7 26 40 49 52 40408 10000 12002 13002 14001 15000 19002 20017 50069 60264,/character/264
 Buu: Kid, ,GRN,SPARKING,0,-1,36 31 52 55 40012 30029 99999 10002 12002 13000 14001 15003 19001 20007 50076 60261,/character/261
Ultimate Gohan Absorbed Buu: Super, ,PUR,SPARKING,0,-1,36 31 52 55 40011 30024 99999 8200025 10002 12002 13003 14001 15002 19002 20007 50076 60260,/character/260
 Raditz, ,GRN,SPARKING,0,-1,5 7 40000 10000 12002 13003 14001 15003 19002 20003 50017 60259,/character/259
 Gohan,Super Saiyan Gohan,GRN,SPARKING,0,20258540,8 1 26 40005 30007 30004 9 8200023 10000 12002 13003 14000 15003 19002 20005 50011 60258,/character/258
 Vegeta,Super Saiyan Vegeta,BLU,SPARKING,0,-1,7 2 40106 30004 30019 9 8200023 8200021 10000 12002 13002 14002 15004 19001 20015 50020 60257,/character/257
 Full Power Boujack, ,PUR,SPARKING,0,-1,24 52 54 40107 30028 8200004 10000 12002 13002 14001 15002 19003 20015 50066 60256,/character/256
 Bardock, ,YEL,SPARKING,0,20255540,7 40111 30004 10000 12002 13001 14002 15001 19002 20015 50044 60255,/character/255
God of Destruction Champa, ,YEL,SPARKING,0,-1,29 40 37 15 53 56 40409 10000 12002 13003 14002 15001 19002 20018 50110 60254,/character/254
 Piccolo, Piccolo,YEL,SPARKING,1,20253540,31 47 40000 99999 8200023 10002 12002 13001 14002 15001 19002 20003 50012 70500 60253,/character/253
 Goku, ,BLU,SPARKING,0,20252540,7 1 70204 40000 30004 30017 10000 12002 13000 14000 15004 19002 20003 50010 60252,/character/252
Super Saiyan 3 Goku, ,GRN,SPARKING,1,20251540,7 41 1 30056 70203 40012 30017 99999 8200024 8200004 10000 12002 13003 14000 15003 19002 20007 50010 70500 60251,/character/251
Goku Captain Ginyu, ,RED,SPARKING,0,-1,5 6 7 55 40002 99999 10000 12002 13002 14001 15000 19002 20004 50027 60246,/character/246
Bunny Girl Bulma (Youth), ,GRN,SPARKING,0,-1,4 57 60 40300 10001 12002 13000 14000 15003 19002 20001 50093 60245,/character/245
 Android #18, ,RED,SPARKING,0,-1,25 4 37 40010 10001 12002 13001 14000 15000 19002 20007 50040 60244,/character/244
 Goku, ,GRN,SPARKING,0,20243540,7 1 70203 40106 30004 30017 10000 12002 13001 14000 15003 19002 20015 50010 60243,/character/243
 Fusion Android #13, ,RED,SPARKING,0,20242540,25 36 39 52 40106 30028 8200001 10000 12002 13002 14001 15000 19003 20015 50101 60242,/character/242
 Super #17, ,GRN,SPARKING,0,20241540,25 33 39 32 52 40400 8200004 10000 12002 13001 14001 15003 19002 20011 50039 60241,/character/241
 Goku, ,RED,SPARKING,0,20240540,7 1 32 23 70200 40400 30004 10000 12002 13002 14000 15000 19001 20011 50010 60240,/character/240
Super Saiyan Gohan (Youth),Super Saiyan 2 Gohan (Youth),YEL,SPARKING,0,-1,8 1 9 40107 30006 38 8200023 8200018 10000 12002 13002 14000 15001 19001 20015 50011 60238,/character/238
 Hit, ,YEL,SPARKING,0,-1,15 52 53 56 40407 8200024 8200013 10000 12002 13002 14002 15001 19002 20016 50100 60237,/character/237
Super Saiyan God SS Goku,Super Saiyan God SS Kaioken Goku,YEL,SPARKING,0,20236540,7 1 40 45 56 70201 40407 30017 8200023 10000 12002 13002 14000 15001 19002 20016 50010 60236,/character/236
 Vados, ,GRN,SPARKING,0,-1,28 40 15 53 4 56 40409 60 10001 12002 13000 14002 15003 19002 20018 50119 60230,/character/230
 Android #15, ,PUR,SPARKING,0,-1,25 40106 10002 12002 13000 14001 15002 19001 20015 50103 60229,/character/229
 Android #14, ,GRN,SPARKING,0,-1,25 40106 10002 12002 13002 14001 15003 19003 20015 50102 60228,/character/228
 Android #13, ,BLU,SPARKING,0,-1,25 52 40106 30027 10002 12002 13003 14001 15004 19002 20015 50101 60227,/character/227
 Trunks (Teen),Super Saiyan Trunks (Teen),PUR,SPARKING,0,-1,8 2 26 60 40106 30004 30007 30036 9 8200023 10000 12002 13002 14000 15002 19002 20015 50034 60226,/character/226
 Buu: Kid, ,RED,SPARKING,0,-1,36 31 52 40012 30029 10002 12002 13002 14001 15000 19001 20007 50076 60225,/character/225
 Super Vegito, ,PUR,SPARKING,1,20224540,7 9 39 35 40011 99999 8200001 9131 10000 12002 13002 14000 15002 19002 20007 50073 70500 60224,/character/224
 Goku,Super Saiyan Goku,BLU,SPARKING,1,20220540,7 1 70204 99999 40003 30004 30017 30026 9 30018 8200023 8200024 10000 12002 13003 14000 15004 19002 20004 50010 70500 60220,/character/220
Final Form Frieza: Full Power, ,YEL,SPARKING,0,20219540,5 24 42 52 40003 30021 8200024 8200010 10000 12002 13001 14001 15001 19001 20004 50028 60219,/character/219
 Golden Frieza, ,GRN,SPARKING,0,20218540,5 24 42 52 40406 30022 30058 9131 10000 12002 13003 14001 15003 19001 20013 50028 60218,/character/218
Super Saiyan God SS Vegeta, ,PUR,SPARKING,0,20217540,7 2 40 45 40406 30033 30047 8200024 9131 10000 12002 13002 14002 15002 19001 20013 50020 60217,/character/217
Super Saiyan God SS Goku, ,BLU,SPARKING,0,20216540,7 1 40 45 70204 40406 30017 9131 10000 12002 13003 14000 15004 19002 20013 50010 60216,/character/216
Ultimate Gohan Absorbed Buu: Super, ,GRN,SPARKING,0,-1,36 31 52 40011 30024 8200025 9131 10002 12002 13002 14001 15003 19002 20007 50076 60215,/character/215
Fused with Kami Piccolo, ,YEL,SPARKING,0,20213540,31 33 3 47 43 55 40006 30010 99999 10002 12002 13000 14000 15001 19002 20006 50012 60213,/character/213
 Metal Cooler, ,RED,SPARKING,0,20208540,42 33 31 52 40105 10002 12002 13001 14001 15000 19002 20015 50063 60208,/character/208
Legendary Super Saiyan Broly, ,GRN,SPARKING,0,20207540,7 9 52 40108 30040 8200025 8200001 10000 12002 13001 14001 15003 19003 20015 50046 60207,/character/207
Super Saiyan Goku, ,YEL,SPARKING,0,20206540,7 1 9 22 70201 40108 30017 10000 12002 13000 14000 15001 19002 20015 50010 60206,/character/206
Super Saiyan Gohan (Teen), ,BLU,SPARKING,0,20205540,8 1 9 40108 30007 10000 12002 13001 14000 15004 19002 20015 50011 60205,/character/205
Super Saiyan Goten (Kid), ,PUR,SPARKING,1,20204540,8 1 9 23 40108 99999 10000 12002 13003 14000 15002 19001 20015 50074 70500 60204,/character/204
Taitans Yamcha, ,PUR,SPARKING,0,-1,3 55 40000 99999 8200024 10000 12002 13002 14000 15002 19002 20014 50014 60201,/character/201
 Buu: Super, ,PUR,SPARKING,0,200200640,36 31 52 40011 30015 10002 12002 13003 14001 15002 19002 20007 50076 60200,/character/200
Super Saiyan 3 Gotenks, ,YEL,SPARKING,0,20199540,8 41 39 34 23 40011 10000 12002 13001 14000 15001 19001 20007 50077 60199,/character/199
 Hyper Meta-Rilldo, ,RED,SPARKING,0,-1,33 32 52 60 40400 8200013 10000 12002 13002 14001 15000 19003 20009 50097 60198,/character/198
 Gotenks, ,GRN,SPARKING,0,20193540,8 39 34 23 43 55 40010 30004 99999 10000 12002 13001 14000 15003 19001 20007 50077 60193,/character/193
 Gogeta,Super Saiyan Gogeta,BLU,SPARKING,0,20192540,7 39 34 40111 30004 9 8200023 10000 12002 13003 14000 15004 19002 20015 50079 60192,/character/192
Super Saiyan 2 Gohan (Youth), ,RED,SPARKING,1,20191540,8 1 38 40006 30006 99999 10000 12002 13003 14000 15000 19001 20006 50011 70500 60191,/character/191
 Perfect Cell, ,YEL,SPARKING,0,20190540,25 36 31 26 52 40006 30003 30050 8200004 10002 12002 13002 14001 15001 19002 20006 50041 60190,/character/190
Super Namekian Lord Slug, ,BLU,SPARKING,0,20189540,31 47 52 40103 10002 12002 13002 14001 15004 19003 20015 50094 60189,/character/189
Super Saiyan 2 Vegeta, ,PUR,SPARKING,0,-1,7 38 2 40405 30033 10000 12002 13000 14002 15002 19001 20019 50020 60188,/character/188
Super Saiyan 3 Goku, ,RED,SPARKING,0,20187540,7 41 1 70200 40012 30017 10000 12002 13003 14000 15000 19002 20007 50010 60187,/character/187
 Ultimate Gohan, ,GRN,SPARKING,0,20186540,8 1 40011 30004 30020 8200004 10000 12002 13002 14000 15003 19002 20007 50011 60186,/character/186
Super Saiyan God Vegeta, ,YEL,SPARKING,0,20185540,7 2 40 44 40111 30033 8200003 10000 12002 13002 14002 15001 19001 20015 50020 60185,/character/185
 Great Saiyaman 2, ,RED,SPARKING,0,-1,4 24 40110 10001 12002 13002 14000 15000 19002 20015 50099 60184,/character/184
 Great Saiyaman 1, ,PUR,SPARKING,0,-1,8 1 24 43 55 40010 99999 10000 12002 13003 14000 15002 19002 20007 50098 60183,/character/183
 Rozie, ,YEL,SPARKING,0,-1,24 4 11 53 56 40409 10001 12002 13003 14000 15001 19002 20018 50092 60180,/character/180
 Kakunsa, ,PUR,SPARKING,0,-1,24 4 11 53 56 40409 10001 12002 13002 14000 15002 19002 20018 50091 60179,/character/179
 Launch, ,RED,SPARKING,0,200177640,4 57 60 40300 10001 12002 13003 14002 15000 19002 20001 50115 60177,/character/177
 Videl, ,YEL,SPARKING,0,-1,4 40010 10001 12002 13002 14000 15001 19002 20007 50095 60176,/character/176
 Bulma (Youth), ,BLU,SPARKING,0,20175540,4 57 60 40300 10001 12002 13000 14000 15004 19002 20001 50093 60175,/character/175
 Chi-Chi, ,GRN,SPARKING,0,20174540,4 57 60 40303 10001 12002 13002 14000 15003 19002 20001 50090 60174,/character/174
 Ribrianne, ,BLU,SPARKING,0,-1,24 4 11 53 56 40409 30004 10001 12002 13001 14000 15004 19003 20018 50089 60173,/character/173
Super Saiyan 2 Caulifla, ,PUR,SPARKING,0,20172540,7 38 4 15 53 40409 30039 56 10001 12002 13002 14000 15002 19001 20018 50067 60172,/character/172
 Trunks (Youth),Super Saiyan Trunks (Youth),BLU,SPARKING,0,20169540,8 2 26 43 55 30006 40005 30004 99999 9 8200023 10000 12002 13002 14000 15004 19002 20005 50034 60169,/character/169
Final Form Cooler, ,BLU,SPARKING,0,20168540,24 42 52 40104 30003 8200021 10000 12002 13002 14001 15004 19003 20015 50063 60168,/character/168
 Boujack, ,YEL,SPARKING,0,-1,24 52 54 40107 30004 30027 8200025 10000 12002 13003 14001 15001 19003 20015 50066 60167,/character/167
God of Destruction Beerus, ,GRN,SPARKING,1,20166540,29 40 37 52 40405 99999 10002 12002 13000 14002 15003 19002 20019 50087 70500 60166,/character/166
Super Saiyan God Goku, ,RED,SPARKING,0,-1,7 1 40 44 70200 40405 30017 10000 12002 13002 14000 15000 19002 20019 50010 60165,/character/165
Super Saiyan Broly,Super Saiyan Broly: Full Power,PUR,SPARKING,0,20164540,7 9 52 40111 8200023 8200021 10000 12002 13003 14001 15002 19003 20015 50046 60164,/character/164
 Nappa, ,BLU,SPARKING,0,-1,5 7 40000 8200021 10000 12002 13002 14001 15004 19002 20003 50019 60163,/character/163
 Nappa (Young), ,PUR,SPARKING,0,-1,5 7 55 40111 99999 10000 12002 13000 14001 15002 19002 20015 50019 60162,/character/162
 Goku, ,PUR,SPARKING,0,-1,7 1 70202 40102 30004 30017 10000 12002 13001 14000 15002 19002 20015 50010 60160,/character/160
Super Saiyan Gohan (Teen), ,GRN,SPARKING,0,-1,8 1 9 43 55 40010 30007 99999 10000 12002 13002 14000 15003 19002 20007 50011 60157,/character/157
 Chilled, ,PUR,SPARKING,0,20152540,42 52 40205 10000 12002 13000 14001 15002 19001 20014 50081 60152,/character/152
Super Saiyan Bardock, ,BLU,SPARKING,0,20151540,7 9 50 40205 10000 12002 13002 14002 15004 19002 20014 50044 60151,/character/151
Super Saiyan 2 Goku, ,YEL,SPARKING,0,20150540,7 38 1 22 70201 40009 30017 10000 12002 13001 14000 15001 19002 20007 50010 60150,/character/150
 Super Janemba, ,PUR,SPARKING,0,20149540,24 31 52 60 40109 8200024 10002 12002 13001 14001 15002 19002 20015 50080 60149,/character/149
 Super Gogeta, ,RED,SPARKING,0,20148540,7 9 22 39 34 40109 8200024 10000 12002 13002 14000 15000 19002 20015 50079 60148,/character/148
 Broly: Fury, ,RED,SPARKING,0,20147540,7 5 52 55 40111 30004 30035 99999 10000 12002 13002 14001 15000 19003 20015 50046 60147,/character/147
King of the Demon Realm Dabura, ,BLU,SPARKING,0,20145540,60 40010 10000 12002 13000 14001 15004 19003 20007 50078 60145,/character/145
Super Saiyan Gotenks, ,PUR,SPARKING,0,-1,8 9 39 34 23 40010 10000 12002 13003 14000 15002 19001 20007 50077 60144,/character/144
 Majin Vegeta, ,RED,SPARKING,0,20143540,7 38 2 40010 30016 10000 12002 13002 14001 15000 19001 20007 50020 60143,/character/143
Super Saiyan Goten (Kid), ,GRN,SPARKING,0,-1,8 1 23 9 40010 10000 12002 13002 14000 15003 19001 20007 50074 60142,/character/142
Super Saiyan Trunks (Kid), ,YEL,SPARKING,0,-1,8 2 23 9 40010 10000 12002 13003 14000 15001 19001 20007 50034 60141,/character/141
 Vegito, ,RED,SPARKING,0,20140540,7 39 35 55 40011 30004 99999 9131 10000 12002 13001 14000 15000 19002 20007 50073 60140,/character/140
 Vegeta, ,GRN,SPARKING,0,-1,7 5 52 2 40000 30004 30019 8200010 8200018 10000 12002 13002 14001 15003 19001 20003 50020 60133,/character/133
 Goku Black, ,PUR,SPARKING,0,-1,7 26 52 40408 30004 10000 12002 13001 14001 15002 19002 20017 50069 60131,/character/131
Super Saiyan Kale (Berserk), ,RED,SPARKING,0,20128540,7 9 4 15 53 40409 56 10001 12002 13001 14002 15000 19003 20018 50071 60128,/character/128
 Zamasu, ,RED,SPARKING,0,20127540,40 26 31 52 40408 30004 8200010 10000 12002 13001 14002 15000 19002 20017 50070 60127,/character/127
 Goku Black, ,YEL,SPARKING,0,20126540,7 26 52 40408 30004 10000 12002 13003 14001 15001 19002 20017 50069 60126,/character/126
 Goku,Kaioken Goku,BLU,SPARKING,0,20125540,7 1 70204 40000 30004 30017 8200023 10000 12002 13002 14000 15004 19002 20003 50010 60125,/character/125
Super Saiyan 2 Trunks (Adult), ,BLU,SPARKING,0,20124540,8 2 38 26 60 40408 30007 30036 10000 12002 13003 14000 15004 19002 20017 50034 60124,/character/124
Super Saiyan Gohan, ,YEL,SPARKING,0,-1,8 1 9 26 40005 30007 10000 12002 13002 14000 15001 19002 20005 50011 60123,/character/123
World Champion Hercule, ,RED,SPARKING,0,-1,40006 8200010 10000 12002 13001 14000 15000 19002 20006 50075 60115,/character/115
 Majin Buu: Good, ,GRN,SPARKING,0,20113540,36 31 52 40010 30012 10002 12002 13001 14002 15003 19002 20007 50076 60113,/character/113
Super Saiyan 3 Goku, ,PUR,SPARKING,0,20112540,7 41 1 22 70202 40010 30017 10000 12002 13002 14000 15002 19002 20007 50010 60112,/character/112
Super Saiyan 2 Gohan (Youth), ,PUR,SPARKING,0,20111540,8 1 38 40006 30006 10000 12002 13002 14000 15002 19001 20006 50011 60111,/character/111
 Super Trunks, ,GRN,SPARKING,0,20109540,8 2 9 26 30063 40006 30007 30036 10000 12002 13002 14000 15003 19002 20006 50034 60109,/character/109
Perfect Form Cell, ,RED,SPARKING,0,20108540,25 36 31 26 52 40006 30002 10002 12002 13003 14001 15000 19002 20006 50041 60108,/character/108
 Android #18, ,BLU,SPARKING,0,-1,25 4 37 40006 10001 12002 13002 14001 15004 19002 20006 50040 60107,/character/107
Super Saiyan Goku, ,GRN,SPARKING,0,-1,7 1 9 70203 40006 30017 8200024 8200004 10000 12002 13000 14000 15003 19002 20006 50010 60101,/character/101
 Cooler, ,GRN,SPARKING,0,20097540,24 42 52 40104 30004 10000 12002 13003 14001 15003 19002 20015 50063 60097,/character/97
 Android #16, ,GRN,SPARKING,0,20095540,25 40005 10002 12002 13001 14002 15003 19003 20005 50062 60095,/character/95
Fused with Kami Piccolo, ,BLU,SPARKING,0,20094540,31 33 3 47 40006 30010 10002 12002 13003 14000 15004 19002 20006 50012 60094,/character/94
 Super Vegeta, ,YEL,SPARKING,0,20093540,7 2 9 40006 30019 10000 12002 13003 14002 15001 19001 20006 50020 60093,/character/93
Super Saiyan Goku, ,GRN,SPARKING,0,-1,7 1 9 32 23 70203 40400 10000 12002 13003 14000 15003 19001 20009 50010 60082,/character/82
1st Form Frieza, ,BLU,SPARKING,0,-1,5 24 42 52 40204 30000 8200021 10000 12002 13003 14001 15004 19001 20014 50028 60081,/character/81
Legendary Super Saiyan Broly, ,BLU,SPARKING,0,20080540,7 9 52 40108 30040 10000 12002 13002 14001 15004 19003 20015 50046 60080,/character/80
 Demon King Piccolo, ,YEL,SPARKING,0,20079540,31 47 52 57 40302 30001 8200013 10002 12002 13002 14001 15001 19003 20001 50045 60079,/character/79
 Bardock, ,GRN,SPARKING,0,-1,7 50 40204 30004 10000 12002 13002 14002 15003 19002 20014 50044 60078,/character/78
Super Saiyan Vegeta, ,YEL,SPARKING,0,20077540,7 2 9 32 40400 10000 12002 13003 14002 15001 19001 20010 50020 60077,/character/77
 Goku (Youth), ,YEL,SPARKING,0,20076540,7 23 1 43 55 70201 40300 57 99999 60 8200010 10000 12002 13002 14000 15001 19001 20001 50010 60076,/character/76
Super Saiyan Goku, ,BLU,SPARKING,0,20075540,7 1 9 70204 40108 30017 8200010 10000 12002 13002 14000 15004 19002 20015 50010 60075,/character/75
Super Saiyan Cabba, ,GRN,SPARKING,0,20066540,7 9 15 53 56 40407 10000 12002 13000 14000 15003 19001 20016 50043 60066,/character/66
 Android #18, ,YEL,SPARKING,0,20063540,25 4 37 40005 10001 12002 13002 14001 15001 19002 20005 50040 60063,/character/63
 Android #17, ,PUR,SPARKING,0,20062540,25 37 40005 8200025 10000 12002 13001 14001 15002 19002 20005 50039 60062,/character/62
 Krillin, ,BLU,SPARKING,0,-1,3 40005 10000 12002 13003 14000 15004 19001 20005 50013 60061,/character/61
Super Saiyan Goku, ,YEL,SPARKING,0,-1,7 1 9 70201 40005 30018 10000 12002 13002 14000 15001 19002 20005 50010 60060,/character/60
 Mai, ,GRN,SPARKING,0,-1,4 26 60 40408 10001 12002 13000 14000 15003 19002 20017 50038 60051,/character/51
 Turles, ,PUR,SPARKING,0,20050540,7 52 58 40102 10000 12002 13003 14001 15002 19002 20015 50037 60050,/character/50
Super Saiyan Trunks (Teen), ,RED,SPARKING,0,20047540,8 2 9 26 60 40005 30007 30036 10000 12002 13001 14000 15000 19002 20005 50034 60047,/character/47
Super Saiyan Vegeta, ,RED,SPARKING,0,-1,7 2 9 40005 30019 10000 12002 13001 14002 15000 19001 20005 50020 60046,/character/46
Super Saiyan Goku, ,RED,SPARKING,0,-1,7 1 9 43 55 70200 40004 30018 99999 9131 10000 12002 13001 14000 15000 19002 20005 50010 60045,/character/45
 Pan, ,BLU,SPARKING,0,20038540,8 32 1 4 40400 10001 12002 13000 14000 15004 19001 20009 50033 60038,/character/38
 Pikkon, ,YEL,SPARKING,0,-1,22 40500 10002 12002 13002 14002 15001 19002 20015 50030 60035,/character/35
Final Form Frieza, ,YEL,SPARKING,0,20032540,5 24 42 52 40003 30003 10000 12002 13002 14001 15001 19001 20004 50028 60032,/character/32
 Captain Ginyu, ,GRN,SPARKING,0,-1,5 6 40002 10000 12002 13001 14001 15003 19002 20004 50027 60027,/character/27
Super Saiyan Goku, ,RED,SPARKING,0,20016540,7 9 1 70200 40003 30018 10000 12002 13003 14000 15000 19002 20004 50010 60016,/character/16
 Goku, ,BLU,SPARKING,0,20015540,7 1 55 99999 70204 40003 30004 30017 30025 10000 12002 13001 14000 15004 19002 20004 50010 60015,/character/15
 Vegeta, ,PUR,SPARKING,0,20014540,5 7 52 2 40000 30004 30019 10000 12002 13003 14001 15002 19001 20003 50020 60014,/character/14
 Piccolo, ,GRN,SPARKING,0,20004540,31 47 40000 10002 12002 13001 14002 15003 19002 20003 50012 60004,/character/4
 Gohan (Kid), ,YEL,SPARKING,0,-1,8 1 23 40000 30005 30039 10000 12002 13002 14000 15001 19001 20003 50011 60002,/character/2
Super Saiyan Gohan (Teen), ,BLU,EXTREME,0,-1,8 1 9 40108 30007 10000 12001 13002 14000 15004 19002 20015 50011 60628,/character/628
 Trunks, ,GRN,EXTREME,0,-1,8 2 32 40402 10000 12001 13003 14000 15003 19002 20010 50034 60590,/character/590
 Bardock, ,PUR,EXTREME,0,-1,7 40111 30004 10000 12001 13003 14002 15002 19002 20015 50044 60585,/character/585
Final Form Frieza, ,RED,EXTREME,0,-1,5 24 42 52 40003 30003 10000 12001 13001 14001 15000 19001 20004 50028 60584,/character/584
 Metal Cooler, ,YEL,EXTREME,0,-1,42 33 31 52 40105 10000 12001 13003 14001 15001 19002 20015 50063 60574,/character/574
 Gohan (Kid) & Krillin, Gohan (Kid) & Krillin,PUR,EXTREME,0,-1,8 1 23 3 40002 30005 30052 8200012 8200009 10000 12001 13002 14000 15002 19001 20004 50011 50013 60564,/character/564
 Cell Jr., ,RED,EXTREME,0,-1,25 46 40007 10002 12001 13003 14001 15000 19001 20006 50065 60557,/character/557
 Vados, ,PUR,EXTREME,0,-1,28 40 15 53 4 56 40409 60 9135 10001 12001 13001 14002 15002 19002 20018 50119 60544,/character/544
God of Destruction Champa, ,BLU,EXTREME,0,-1,29 40 37 15 53 56 40409 9135 10000 12001 13002 14002 15004 19002 20018 50110 60543,/character/543
Super Saiyan Kale (Berserk), ,BLU,EXTREME,0,-1,7 9 4 15 53 40409 56 10001 12001 13003 14002 15004 19003 20018 50071 60530,/character/530
 Bergamo, ,PUR,EXTREME,0,-1,18 53 56 40409 10000 12001 13002 14001 15002 19002 20018 50112 60529,/character/529
 Majuub, ,RED,EXTREME,0,-1,32 39 33 40402 10000 12001 13002 14000 15000 19002 20010 50127 60521,/character/521
 Omega Shenron, ,BLU,EXTREME,0,-1,51 32 31 36 39 52 40404 30028 8200018 10002 12001 13003 14001 15004 19003 20012 50107 60520,/character/520
Super Saiyan God SS Vegeta, ,RED,EXTREME,0,-1,7 2 40 45 26 40408 30033 30047 10000 12001 13000 14002 15000 19001 20017 50020 60518,/character/518
Super Saiyan God SS Goku, ,GRN,EXTREME,0,-1,7 1 40 45 26 40408 30017 10000 12001 13001 14000 15003 19002 20017 50010 60517,/character/517
 Android #18, ,YEL,EXTREME,0,-1,25 4 37 56 40409 10001 12001 13000 14000 15001 19002 20018 50040 60509,/character/509
 Thouser, ,GRN,EXTREME,0,-1,40104 10000 12001 13002 14001 15003 19002 20015 50064 60496,/character/496
Final Form Cooler, ,BLU,EXTREME,0,-1,24 42 52 40104 30003 8200021 9134 9139 10000 12001 13002 14001 15004 19003 20015 50063 60485,/character/485
 Turles, ,RED,EXTREME,0,-1,7 52 58 40102 9134 9139 10000 12001 13001 14001 15000 19002 20015 50037 60484,/character/484
 Gohan & Trunks (Youth), Gohan & Trunks (Youth),GRN,EXTREME,0,-1,8 1 2 26 40005 30007 30052 30006 30004 8200012 8200009 10000 12001 13001 14000 15003 19002 20005 50011 50034 60473,/character/473
 Dyspo, ,GRN,EXTREME,0,-1,53 20 56 40409 10000 12001 13003 14000 15003 19002 20018 50126 60465,/character/465
 Toppo, ,YEL,EXTREME,0,-1,53 20 56 40409 30004 10000 12001 13000 14000 15001 19003 20018 50125 60464,/character/464
 Fasha, ,BLU,EXTREME,0,-1,7 4 50 40204 10001 12001 13003 14002 15004 19002 20014 50082 60458,/character/458
 Tora, ,GRN,EXTREME,0,-1,7 50 40204 10000 12001 13002 14002 15003 19002 20014 50083 60457,/character/457
 Mai, ,RED,EXTREME,0,-1,4 26 60 40408 10001 12001 13003 14000 15000 19002 20017 50038 60453,/character/453
Final Form Frieza, ,GRN,EXTREME,0,-1,5 24 42 40111 30003 10000 12001 13001 14001 15003 19001 20015 50028 60450,/character/450
Super Saiyan 2 Gohan (Youth), ,BLU,EXTREME,0,-1,8 1 38 40006 30006 10000 12001 13003 14000 15004 19001 20006 50011 60442,/character/442
 Copyman, ,PUR,EXTREME,0,-1,46 55 40206 99999 10002 12001 13000 14001 15002 19001 20000 50050 60440,/character/440
 Jinkouman, ,RED,EXTREME,0,-1,46 55 40206 99999 10002 12001 13002 14001 15000 19001 20000 50052 60439,/character/439
 Tennenman, ,RED,EXTREME,0,-1,46 55 40206 99999 10002 12001 13003 14001 15000 19001 20000 50051 60438,/character/438
 Kyukonman, ,YEL,EXTREME,0,-1,46 55 40206 99999 10002 12001 13001 14001 15001 19001 20000 50049 60437,/character/437
 Kaiwareman, ,BLU,EXTREME,0,-1,46 55 40206 99999 10002 12001 13003 14001 15004 19001 20000 50048 60436,/character/436
 Saibaman, ,GRN,EXTREME,0,-1,46 55 40000 99999 10002 12001 13002 14001 15003 19001 20003 50018 60435,/character/435
 Yajirobe, ,PUR,EXTREME,0,-1,3 60 40000 10000 12001 13002 14000 15002 19002 20003 50128 60434,/character/434
 Jiren, ,BLU,EXTREME,0,-1,20 53 52 56 40409 30043 8200021 10000 12001 13001 14000 15004 19003 20018 50124 60429,/character/429
Super Saiyan Goku, ,GRN,EXTREME,0,-1,7 9 1 40003 30018 10000 12001 13000 14000 15003 19002 20004 50010 60426,/character/426
 Guprei, ,PUR,EXTREME,0,-1,5 46 55 60 40001 99999 10000 12001 13002 14001 15002 19002 20004 50061 60423,/character/423
 Monrei, ,YEL,EXTREME,0,-1,5 46 55 60 40001 99999 8200010 10000 12001 13001 14001 15001 19002 20004 50060 60422,/character/422
 Navel, ,GRN,EXTREME,0,-1,5 46 55 60 40001 99999 10000 12001 13000 14001 15003 19002 20004 50059 60421,/character/421
 Raspberry, ,RED,EXTREME,0,-1,5 46 55 60 40001 99999 10000 12001 13003 14001 15000 19002 20004 50058 60420,/character/420
 Roberry, ,RED,EXTREME,0,-1,5 46 55 40001 99999 8200010 10002 12001 13001 14001 15000 19002 20004 50054 60419,/character/419
 Nabana, ,BLU,EXTREME,0,-1,5 46 55 40001 99999 10002 12001 13000 14001 15004 19002 20004 50053 60418,/character/418
 Orlen, ,YEL,EXTREME,0,-1,5 46 55 40001 99999 10002 12001 13002 14001 15001 19002 20004 50057 60417,/character/417
 Ramon, ,GRN,EXTREME,0,-1,5 46 55 40001 99999 10002 12001 13003 14001 15003 19002 20004 50056 60416,/character/416
 Appule, ,PUR,EXTREME,0,-1,5 46 55 40001 99999 10002 12001 13000 14001 15002 19002 20004 50055 60415,/character/415
 Zangya, ,YEL,EXTREME,0,-1,4 54 40107 9133 9139 10001 12001 13003 14001 15001 19002 20015 50068 60410,/character/410
Super Saiyan Rosé Goku Black, ,YEL,EXTREME,0,-1,7 26 40 49 52 40408 9133 9139 10000 12001 13001 14000 15001 19002 20017 50069 60399,/character/399
Super Saiyan 3 Gotenks, ,GRN,EXTREME,0,-1,8 41 39 34 23 40011 9133 9139 10000 12001 13003 14000 15003 19002 20007 50077 60398,/character/398
 Super Baby 2, ,RED,EXTREME,0,-1,33 32 24 31 7 52 40402 30002 9133 9139 10000 12001 13002 14001 15000 19002 20010 50109 60394,/character/394
 Super #17, ,PUR,EXTREME,0,-1,25 33 39 32 52 40400 9133 9139 10000 12001 13003 14001 15002 19002 20011 50039 60393,/character/393
 Baby Vegeta, ,BLU,EXTREME,0,-1,33 32 24 31 7 52 40402 30000 10002 12001 13003 14001 15004 19001 20010 50109 60391,/character/391
 Goku Black, ,BLU,EXTREME,0,-1,7 26 52 40408 30004 10000 12001 13000 14001 15004 19002 20017 50069 60387,/character/387
 Trunks (Youth), ,GRN,EXTREME,0,-1,8 2 26 40005 30004 30006 10000 12001 13001 14000 15003 19002 20005 50034 60382,/character/382
 Master Roshi, ,BLU,EXTREME,0,-1,57 40300 10000 12001 13000 14000 15004 19001 20001 50042 60376,/character/376
 Broly, ,YEL,EXTREME,0,-1,7 5 40111 30039 10000 12001 13001 14002 15001 19003 20015 50046 60372,/character/372
Final Form Frieza, ,BLU,EXTREME,0,-1,5 24 42 52 40003 30003 10000 12001 13001 14001 15004 19001 20004 50028 60367,/character/367
 Full Power Boujack, ,YEL,EXTREME,0,-1,24 52 54 40107 30028 10000 12001 13002 14001 15001 19003 20015 50066 60365,/character/365
 Yurin, ,GRN,EXTREME,0,-1,4 40409 9134 9139 10001 12001 13002 14002 15003 19002 20018 50129 60362,/character/362
 Gohan (Kid), ,PUR,EXTREME,0,-1,8 1 23 40000 30005 30039 10000 12001 13003 14000 15002 19001 20003 50011 60354,/character/354
 Rozie, ,RED,EXTREME,0,-1,24 4 11 53 56 40409 10001 12001 13003 14000 15000 19002 20018 50092 60353,/character/353
 Kakunsa, ,GRN,EXTREME,0,-1,24 4 11 53 56 40409 10001 12001 13001 14000 15003 19002 20018 50091 60352,/character/352
 Ribrianne, ,YEL,EXTREME,0,-1,24 4 11 53 56 40409 30004 10001 12001 13000 14000 15001 19003 20018 50089 60351,/character/351
 Videl, ,RED,EXTREME,0,-1,4 40010 10001 12001 13002 14000 15000 19002 20007 50095 60348,/character/348
Super Saiyan 2 Goku, ,PUR,EXTREME,0,-1,7 38 1 22 40009 30017 10000 12001 13002 14000 15002 19002 20007 50010 60347,/character/347
 Gokua, Full Power Gokua,BLU,EXTREME,0,-1,24 54 60 40107 8200023 9133 9139 10000 12001 13002 14001 15004 19002 20015 50123 60334,/character/334
 Bujin, ,GRN,EXTREME,0,-1,54 40107 9133 9139 10000 12001 13000 14001 15003 19001 20015 50122 60333,/character/333
 Bido, ,PUR,EXTREME,0,-1,54 40107 9133 9139 10000 12001 13000 14001 15002 19003 20015 50121 60332,/character/332
 Yamcha, ,RED,EXTREME,0,-1,3 40007 10000 12001 13003 14000 15000 19002 20006 50014 60331,/character/331
 Krillin, ,PUR,EXTREME,0,-1,3 40007 10000 12001 13000 14000 15002 19001 20006 50013 60330,/character/330
 Tien, ,GRN,EXTREME,0,-1,3 40007 10000 12001 13001 14000 15003 19002 20006 50015 60329,/character/329
 Super Vegeta, ,GRN,EXTREME,0,-1,7 2 9 40006 30019 9132 10000 12001 13000 14002 15003 19001 20006 50020 60325,/character/325
 Gogeta, ,RED,EXTREME,0,-1,7 39 34 40111 30004 9132 10000 12001 13002 14000 15000 19002 20015 50079 60324,/character/324
 Syn Shenron, ,BLU,EXTREME,0,-1,51 32 52 40404 30027 9132 10002 12001 13000 14001 15004 19003 20012 50107 60323,/character/323
 Hit, ,RED,EXTREME,0,-1,15 52 53 56 40407 10000 12001 13001 14002 15000 19002 20016 50100 60317,/character/317
 Goku (Youth), ,BLU,EXTREME,0,-1,7 23 1 57 60 40300 10000 12001 13001 14000 15004 19001 20001 50010 60316,/character/316
 Kale, ,BLU,EXTREME,0,-1,7 4 15 53 56 40409 30004 9134 9139 10001 12001 13000 14000 15004 19001 20018 50071 60312,/character/312
 Borgos, ,GRN,EXTREME,0,-1,7 50 40204 10000 12001 13001 14002 15003 19003 20014 50118 60308,/character/308
 Shugesh, ,YEL,EXTREME,0,-1,7 50 40204 10000 12001 13002 14002 15001 19003 20014 50117 60307,/character/307
 Android #15, ,GRN,EXTREME,0,-1,25 40106 10002 12001 13003 14001 15003 19001 20015 50103 60292,/character/292
 Android #14, ,BLU,EXTREME,0,-1,25 40106 10002 12001 13002 14001 15004 19003 20015 50102 60291,/character/291
 Hyper Meta-Rilldo, ,YEL,EXTREME,0,-1,33 32 52 60 40400 10000 12001 13001 14001 15001 19003 20009 50097 60284,/character/284
 Super Trunks, ,PUR,EXTREME,0,-1,8 2 9 26 40006 30007 30036 30063 9132 10000 12001 13002 14000 15002 19002 20006 50034 60283,/character/283
2nd Form Frieza, ,YEL,EXTREME,0,-1,5 24 42 52 40003 30001 10000 12001 13002 14001 15001 19003 20004 50028 60282,/character/282
 Trunks (Kid), ,GRN,EXTREME,0,-1,8 2 23 60 40110 30004 10000 12001 13000 14000 15003 19001 20015 50034 60281,/character/281
 Goku, ,PUR,EXTREME,0,-1,7 1 32 23 70202 40400 30004 10000 12001 13002 14000 15002 19001 20011 50010 60280,/character/280
 Buu: Super, ,RED,EXTREME,0,-1,36 31 52 40011 30015 10002 12001 13002 14001 15000 19002 20007 50076 60279,/character/279
 Shisami, ,GRN,EXTREME,0,-1,5 40406 10000 12001 13002 14001 15003 19003 20013 50105 60269,/character/269
 Android #13, ,RED,EXTREME,0,-1,25 52 40106 30027 10002 12001 13002 14001 15000 19002 20015 50101 60263,/character/263
Legendary Super Saiyan Broly, ,YEL,EXTREME,0,-1,7 9 52 40108 30040 10000 12001 13003 14001 15001 19003 20015 50046 60262,/character/262
 Nail, ,PUR,EXTREME,0,-1,31 47 40001 10002 12001 13003 14000 15002 19002 20004 50104 60249,/character/249
 Krillin, ,PUR,EXTREME,0,20248540,3 40003 10000 12001 13000 14000 15002 19001 20004 50013 60248,/character/248
 Gohan (Kid), ,YEL,EXTREME,0,-1,8 1 23 40003 30005 30039 10000 12001 13003 14000 15001 19001 20004 50011 60247,/character/247
 Captain Ginyu, ,PUR,EXTREME,0,20235540,5 6 40002 10000 12001 13000 14001 15002 19002 20004 50027 60235,/character/235
 Jeice, ,RED,EXTREME,0,-1,5 6 40002 10000 12001 13003 14001 15000 19002 20004 50026 60234,/character/234
 Recoome, ,BLU,EXTREME,0,-1,5 6 40002 10000 12001 13001 14001 15004 19003 20004 50025 60233,/character/233
 Burter, ,YEL,EXTREME,0,-1,5 6 40002 10000 12001 13002 14001 15001 19003 20004 50024 60232,/character/232
 Guldo, ,GRN,EXTREME,0,-1,5 6 40002 10000 12001 13003 14001 15003 19001 20004 50023 60231,/character/231
God of Destruction Beerus, ,YEL,EXTREME,0,20223540,29 40 37 52 40405 9131 10002 12001 13003 14002 15001 19002 20019 50087 60223,/character/223
 Chilled, ,YEL,EXTREME,0,-1,42 52 40205 9131 10000 12001 13003 14001 15001 19001 20014 50081 60222,/character/222
 Super Janemba, ,YEL,EXTREME,0,-1,24 31 52 60 40109 9131 10002 12001 13002 14001 15001 19002 20015 50080 60221,/character/221
 Boujack, ,GRN,EXTREME,0,-1,24 52 54 40107 30004 30027 10000 12001 13000 14001 15003 19003 20015 50066 60214,/character/214
 Videl, ,PUR,EXTREME,0,-1,4 40010 10001 12001 13001 14000 15002 19002 20007 50095 60210,/character/210
 Zangya, ,BLU,EXTREME,0,-1,4 54 40107 10001 12001 13002 14001 15004 19002 20015 50068 60209,/character/209
 Bulma (Youth), ,YEL,EXTREME,0,-1,4 57 60 40300 10001 12001 13003 14000 15001 19002 20001 50093 60203,/character/203
Super Namekian Lord Slug, ,YEL,EXTREME,0,-1,31 47 52 40103 10002 12001 13001 14001 15001 19003 20015 50094 60202,/character/202
Super Saiyan Vegeta, ,BLU,EXTREME,0,-1,7 9 2 40007 30019 10000 12001 13001 14002 15004 19001 20006 50020 60197,/character/197
 Majin Buu: Pure Evil, ,BLU,EXTREME,0,20196540,36 31 52 40011 30014 10002 12001 13003 14001 15004 19002 20007 50076 60196,/character/196
 Tien, ,RED,EXTREME,0,-1,3 40006 10000 12001 13000 14000 15000 19002 20006 50015 60195,/character/195
 Trunks (Teen), ,PUR,EXTREME,0,-1,8 2 26 40006 30004 30007 30036 10000 12001 13002 14000 15002 19002 20006 50034 60194,/character/194
 Chi-Chi, ,PUR,EXTREME,0,-1,4 57 60 40303 10001 12001 13000 14000 15002 19002 20001 50090 60181,/character/181
 Caulifla, ,RED,EXTREME,0,-1,7 4 15 53 56 40409 30004 30039 10001 12001 13003 14000 15000 19001 20018 50067 60178,/character/178
 Gohan, ,GRN,EXTREME,0,20171540,8 1 26 40005 30004 30007 10000 12001 13001 14000 15003 19002 20005 50011 60171,/character/171
 Whis, ,RED,EXTREME,0,-1,28 40 60 40405 9131 10000 12001 13000 14002 15000 19002 20019 50088 60170,/character/170
 Tora, ,PUR,EXTREME,0,-1,7 50 40204 10000 12001 13003 14002 15002 19002 20014 50083 60159,/character/159
 Fasha, ,RED,EXTREME,0,-1,7 4 50 40204 10001 12001 13000 14002 15000 19002 20014 50082 60158,/character/158
Super Saiyan Vegeta, ,PUR,EXTREME,0,-1,7 9 2 22 40109 30019 10000 12001 13003 14000 15002 19001 20015 50020 60156,/character/156
 Pan: Honey, ,RED,EXTREME,0,-1,8 32 1 4 40400 10001 12001 13000 14000 15000 19001 20009 50033 60155,/character/155
Super Saiyan Trunks (Teen), ,GRN,EXTREME,0,-1,8 2 9 26 40006 30007 30036 10000 12001 13003 14000 15003 19002 20006 50034 60154,/character/154
King of the Demon Realm Dabura, ,RED,EXTREME,0,-1,60 40010 10000 12001 13001 14001 15000 19003 20007 50078 60146,/character/146
 Vegeta, ,YEL,EXTREME,0,20138540,5 7 52 2 40000 30004 30019 10000 12001 13003 14001 15001 19001 20003 50020 60138,/character/138
 Android #18, ,PUR,EXTREME,0,-1,25 4 37 26 52 40005 10001 12001 13003 14001 15002 19002 20005 50040 60137,/character/137
 Android #17, ,GRN,EXTREME,0,-1,25 37 26 52 40005 10000 12001 13001 14001 15003 19002 20005 50039 60136,/character/136
 Zamasu, ,GRN,EXTREME,0,-1,40 26 31 52 40408 30004 10000 12001 13003 14002 15003 19002 20017 50070 60134,/character/134
 Mai, ,PUR,EXTREME,0,-1,4 26 60 40408 10001 12001 13000 14000 15002 19002 20017 50038 60130,/character/130
 Cell Jr., ,YEL,EXTREME,0,-1,25 46 40006 10002 12001 13003 14001 15001 19001 20006 50065 60119,/character/119
 Gohan (Youth), ,RED,EXTREME,0,-1,8 1 40006 30006 30004 10000 12001 13000 14000 15000 19001 20006 50011 60118,/character/118
 Majin Buu: Good, ,BLU,EXTREME,0,-1,36 31 52 40010 30012 10002 12001 13002 14002 15004 19002 20007 50076 60117,/character/117
Super Saiyan Goku, ,PUR,EXTREME,0,-1,7 9 1 40006 30017 10000 12001 13002 14000 15002 19002 20006 50010 60114,/character/114
 Android #16, ,YEL,EXTREME,0,-1,25 40006 10002 12001 13000 14002 15001 19003 20006 50062 60106,/character/106
Perfect Form Cell, ,PUR,EXTREME,0,-1,25 36 31 26 52 40006 30002 10002 12001 13000 14001 15002 19002 20006 50041 60104,/character/104
 Goten (Kid), ,BLU,EXTREME,0,-1,8 23 1 40010 30004 10000 12001 13002 14000 15004 19001 20007 50074 60103,/character/103
 Trunks (Kid), ,BLU,EXTREME,0,-1,8 23 2 40010 30004 10000 12001 13003 14000 15004 19001 20007 50034 60102,/character/102
 Cooler, ,BLU,EXTREME,0,-1,24 42 52 40104 30004 10000 12001 13000 14001 15004 19002 20015 50063 60100,/character/100
 Thouser, ,PUR,EXTREME,0,-1,40104 10000 12001 13002 14001 15002 19002 20015 50064 60099,/character/99
2nd Form Cell, ,BLU,EXTREME,0,20096540,25 36 31 26 52 40006 30001 10002 12001 13003 14001 15004 19002 20006 50041 60096,/character/96
 Dodoria, ,GRN,EXTREME,0,-1,5 40001 10000 12001 13000 14001 15003 19003 20004 50022 60092,/character/92
 Zarbon, ,BLU,EXTREME,0,-1,5 24 40001 10000 12001 13000 14001 15004 19002 20004 50021 60091,/character/91
 Raditz, ,BLU,EXTREME,0,20090540,5 7 40000 10000 12001 13003 14001 15004 19002 20003 50017 60090,/character/90
 Bardock, ,YEL,EXTREME,0,-1,7 50 40204 30004 10000 12001 13001 14002 15001 19002 20014 50044 60087,/character/87
1st Form Frieza, ,YEL,EXTREME,0,-1,5 24 42 52 40204 30000 8200021 10000 12001 13003 14001 15001 19001 20014 50028 60086,/character/86
 Pan, ,PUR,EXTREME,0,-1,8 1 32 4 40400 10001 12001 13003 14000 15002 19001 20009 50033 60085,/character/85
 Demon King Piccolo, ,PUR,EXTREME,0,-1,31 47 52 57 40302 30001 10002 12001 13003 14001 15002 19003 20001 50045 60084,/character/84
 Trunks, ,GRN,EXTREME,0,-1,8 2 32 40400 10000 12001 13000 14000 15003 19002 20009 50034 60083,/character/83
 Android #17, ,RED,EXTREME,0,20071540,25 37 40005 10000 12001 13002 14001 15000 19002 20005 50039 60071,/character/71
 Cabba, ,GRN,EXTREME,0,-1,7 15 53 56 40407 30004 10000 12001 13000 14000 15003 19001 20016 50043 60161,/character/161
 Android #18, ,GRN,EXTREME,0,20068540,25 4 37 40005 10001 12001 13001 14001 15003 19002 20005 50040 60068,/character/68
 Master Roshi, ,PUR,EXTREME,0,-1,57 40300 10000 12001 13000 14000 15002 19001 20001 50042 60065,/character/65
1st Form Cell, ,YEL,EXTREME,0,20064540,25 36 31 26 52 40006 30000 10002 12001 13000 14001 15001 19002 20006 50041 60064,/character/64
 Turles, ,GRN,EXTREME,0,-1,7 52 58 40102 10000 12001 13003 14001 15003 19002 20015 50037 60054,/character/54
 Vegeta, ,RED,EXTREME,0,-1,7 2 40005 30019 30004 10000 12001 13002 14002 15000 19001 20005 50020 60053,/character/53
 Trunks (Teen), ,YEL,EXTREME,0,-1,8 2 26 60 40005 30007 30036 10000 12001 13000 14000 15001 19002 20005 50034 60052,/character/52
 Android #19, ,RED,EXTREME,0,-1,25 40005 8200004 10002 12001 13002 14001 15000 19002 20005 50036 60049,/character/49
 Android #20, ,YEL,EXTREME,0,-1,25 40005 8200004 10002 12001 13003 14001 15001 19002 20005 50035 60048,/character/48
Final Form Frost, ,BLU,EXTREME,0,-1,15 24 42 53 56 60 40407 30004 30009 10000 12001 13001 14001 15004 19001 20016 50032 60037,/character/37
 Mercenary Tao, ,PUR,EXTREME,0,-1,57 40301 10000 12001 13000 14001 15002 19002 20001 50029 60033,/character/33
3rd Form Frieza, ,PUR,EXTREME,0,-1,5 24 42 52 40003 30002 10000 12001 13001 14001 15002 19003 20004 50028 60031,/character/31
1st Form Frieza, ,BLU,EXTREME,0,20028540,5 24 42 52 40001 30000 10000 12001 13003 14001 15004 19001 20004 50028 60028,/character/28
 Vegeta, ,GRN,EXTREME,0,-1,7 2 40002 30004 30019 10000 12001 13003 14002 15003 19001 20004 50020 60018,/character/18
Fused with Nail Piccolo, ,YEL,EXTREME,0,-1,3 31 33 47 40003 30010 10002 12001 13001 14002 15001 19002 20004 50012 60017,/character/17
 Nappa, ,RED,EXTREME,0,20012540,5 7 40000 10000 12001 13002 14001 15000 19002 20003 50019 60012,/character/12
 Chiaotzu, ,PUR,EXTREME,0,-1,3 40000 10000 12001 13000 14000 15002 19001 20003 50016 60009,/character/9
 Tien, ,YEL,EXTREME,0,-1,3 40000 10000 12001 13001 14000 15001 19002 20003 50015 60008,/character/8
 Yamcha, ,GRN,EXTREME,0,-1,3 40000 10000 12001 13002 14000 15003 19002 20003 50014 60007,/character/7
 Krillin, ,RED,EXTREME,0,-1,3 40000 10000 12001 13000 14000 15000 19001 20003 50013 60005,/character/5
 Goku, ,BLU,EXTREME,0,-1,7 1 70204 40000 30004 30017 10000 12001 13002 14000 15004 19002 20003 50010 60000,/character/0
 Shallot,Super Saiyan God Shallot,LGT,HERO,0,-1,7 99999 40206 70205 9 70206 38 70207 41 70208 40 44 70209 45 70210 8200023 8200001 8200002 8200010 10000 12000 13002 14000 15070 19002 20000 50000 69000,/character/19000
 Mercenary Tao, ,YEL,HERO,0,-1,40301 57 9132 10000 12000 13000 14001 15001 19002 20001 50029 60309,/character/309
 Nail, ,GRN,HERO,0,-1,31 47 40001 10002 12000 13002 14000 15003 19002 20004 50104 60250,/character/250
World Champion Hercule, ,BLU,HERO,0,-1,40010 9132 10000 12000 13000 14000 15004 19002 20007 50075 60212,/character/212
 Videl, ,RED,HERO,0,-1,4 40010 9132 10001 12000 13001 14000 15000 19002 20007 50095 60182,/character/182
2nd Form Cell, ,BLU,HERO,0,-1,25 36 31 26 52 40006 30001 10002 12000 13003 14001 15004 19002 20006 50041 60139,/character/139
 Krillin, ,BLU,HERO,0,-1,3 40006 10000 12000 13000 14000 15004 19001 20006 50013 60122,/character/122
Super Saiyan Goku, ,PUR,HERO,0,-1,7 9 1 70202 40006 30017 10000 12000 13002 14000 15002 19002 20006 50010 60121,/character/121
 Turles, ,BLU,HERO,0,-1,7 52 58 40102 10000 12000 13001 14001 15004 19002 20015 50037 60120,/character/120
 Cell Jr., ,GRN,HERO,0,-1,25 46 40006 10002 12000 13002 14001 15003 19001 20006 50065 60110,/character/110
 Thouser, ,RED,HERO,0,-1,40104 10000 12000 13000 14001 15000 19002 20015 50064 60105,/character/105
1st Form Cell, ,PUR,HERO,0,-1,25 36 31 26 52 40006 30000 10002 12000 13002 14001 15002 19002 20006 50041 60073,/character/73
 Goku, ,PUR,HERO,0,-1,7 1 70202 40005 30004 30017 10000 12000 13001 14000 15002 19002 20005 50010 60072,/character/72
 Master Roshi, ,YEL,HERO,0,-1,57 40300 10000 12000 13003 14000 15001 19001 20001 50042 60070,/character/70
 Cabba, ,BLU,HERO,0,-1,7 15 53 56 40407 30004 10000 12000 13003 14000 15004 19001 20016 50043 60069,/character/69
 Jaco, ,GRN,HERO,0,-1,60 40406 10000 12000 13000 14000 15003 19001 20013 50031 60059,/character/59
 Saibaman, ,PUR,HERO,0,-1,46 40000 10002 12000 13001 14001 15002 19001 20003 50018 60058,/character/58
 Yamcha, ,YEL,HERO,0,-1,3 40005 10000 12000 13001 14000 15001 19002 20005 50014 60057,/character/57
 Android #19, ,BLU,HERO,0,-1,25 40005 8200004 10002 12000 13000 14001 15004 19002 20005 50036 60056,/character/56
 Android #20, ,PUR,HERO,0,-1,25 40005 8200004 10002 12000 13001 14001 15002 19002 20005 50035 60055,/character/55
Final Form Frost, ,YEL,HERO,0,-1,15 24 42 53 56 60 40407 30004 30008 10000 12000 13000 14001 15001 19001 20016 50032 60044,/character/44
 Chiaotzu, ,GRN,HERO,0,-1,3 40000 10000 12000 13003 14000 15003 19001 20003 50016 60043,/character/43
 Tien, ,BLU,HERO,0,-1,3 40000 10000 12000 13001 14000 15004 19002 20003 50015 60042,/character/42
 Yamcha, ,GRN,HERO,0,-1,3 40000 10000 12000 13000 14000 15003 19002 20003 50014 60041,/character/41
Fused with Nail Piccolo, ,RED,HERO,0,-1,3 31 33 47 40003 30010 10002 12000 13001 14002 15000 19002 20004 50012 60040,/character/40
 Pan, ,GRN,HERO,0,-1,8 32 1 4 40400 10001 12000 13002 14000 15003 19001 20009 50033 60039,/character/39
 Jaco, ,RED,HERO,0,-1,60 40206 10000 12000 13001 14000 15000 19001 20013 50031 60036,/character/36
 Pikkon, ,GRN,HERO,0,-1,22 40500 10002 12000 13001 14002 15003 19002 20015 50030 60034,/character/34
2nd Form Frieza, ,RED,HERO,0,-1,5 24 42 52 40003 30001 10000 12000 13002 14001 15000 19003 20004 50028 60030,/character/30
1st Form Frieza, ,GRN,HERO,0,-1,5 24 42 52 40003 30000 10000 12000 13001 14001 15003 19001 20004 50028 60029,/character/29
 Captain Ginyu, ,RED,HERO,0,-1,5 6 40002 10000 12000 13003 14001 15000 19002 20004 50027 60026,/character/26
 Jeice, ,PUR,HERO,0,-1,5 6 40002 10000 12000 13000 14001 15002 19002 20004 50026 60025,/character/25
 Recoome, ,RED,HERO,0,-1,5 6 40002 10000 12000 13002 14001 15000 19003 20004 50025 60024,/character/24
 Burter, ,BLU,HERO,0,-1,5 6 40002 10000 12000 13000 14001 15004 19003 20004 50024 60023,/character/23
 Guldo, ,BLU,HERO,0,-1,5 6 40002 10000 12000 13000 14001 15004 19001 20004 50023 60022,/character/22
 Dodoria, ,RED,HERO,0,-1,5 40001 10000 12000 13002 14001 15000 19002 20004 50022 60021,/character/21
 Zarbon, ,GRN,HERO,0,-1,5 24 40001 10000 12000 13001 14001 15003 19002 20004 50021 60020,/character/20
 Vegeta, ,BLU,HERO,0,-1,7 2 40002 30004 30019 10000 12000 13003 14002 15004 19001 20004 50020 60019,/character/19
 Nappa, ,YEL,HERO,0,-1,5 7 40000 10000 12000 13003 14001 15001 19002 20003 50019 60013,/character/13
 Saibaman, ,YEL,HERO,0,-1,46 40000 10002 12000 13000 14001 15001 19001 20003 50018 60011,/character/11
 Raditz, ,BLU,HERO,0,-1,5 7 40000 10000 12000 13002 14001 15004 19002 20003 50017 60010,/character/10
 Krillin, ,PUR,HERO,0,-1,3 40000 10000 12000 13001 14000 15002 19001 20003 50013 60006,/character/6
 Gohan (Kid), ,GRN,HERO,0,-1,8 1 23 40000 30005 30039 10000 12000 13003 14000 15003 19001 20003 50011 60003,/character/3
 Goku, ,YEL,HERO,0,-1,7 1 70201 40000 30004 30017 10000 12000 13003 14000 15001 19002 20003 50010 60001,/character/1
