character_name,element_color,rarity_tier,base_strike_attack,base_blast_attack,base_hp,base_strike_defence,base_blast_defence,critical_rate,ki_recovery
Super Saiyan Trunks (Teen) & Gohan,RED,LEGEND,254710,276837,2529134,179198,180989,13.64%,23.05%
 Broly: Fury,GRN,LEGEND,258277,243640,2683431,175625,173878,14.89%,24.30%
Super Saiyan Rosé Ultra Supervillain Goku Black,BLU,LEGEND,278199,257256,2554425,172545,172545,14.22%,23.82%
 Bardock,YEL,LEGEND,279338,241217,2696646,179171,175634,14.09%,23.29%
Super Saiyan 3 Goku (Mini),PUR,LEGEND,278321,253538,2427952,175237,172646,14.16%,24.19%
Fused with Kami Piccolo,BLU,LEGEND,264553,278335,2683264,174371,174379,13.08%,22.72%
 Super Vegito,PUR,LEGEND,278328,254786,2529236,182890,173979,13.84%,23.09%
Super Saiyan God Shallet,GRN,LEGEND,251213,267405,2593494,176819,180383,14.32%,23.97%
Super Saiyan God SS Gogeta,RED,ULTRA,255721,279618,2656598,169963,169971,14.23%,24.54%
Super Saiyan Trunks (Adult),GRN,ULTRA,278300,254811,2528982,176130,174388,14.44%,24.07%
Ultimate Gohan Absorbed Buu: Super,RED,ULTRA,275554,251005,2529236,172646,170930,14.59%,24.55%
Super Full Power Saiyan 4 Goku,GRN,ULTRA,243729,260607,2554653,181981,181081,14.57%,26.10%
Half-Corrupted Fusion Zamasu,PUR,ULTRA,260721,252379,2645514,171023,174472,14.74%,23.21%
Super Saiyan 4 Vegeta,RED,ULTRA,263339,267277,2580556,177609,182990,13.58%,22.87%
Final Form Frieza: Full Power,GRN,ULTRA,249858,272671,2656666,170173,177115,14.08%,25.10%
Super Saiyan Goku,YEL,ULTRA,268740,255001,2541892,179474,179483,14.09%,24.11%
 Perfect Cell,RED,ULTRA,259621,262212,2428377,168885,173132,15.42%,26.10%
Beast Gohan,YEL,ULTRA,269906,268841,2477177,172083,170375,14.13%,24.09%
 Majin Vegeta,YEL,ULTRA,266285,263615,2529639,175641,168778,14.09%,24.13%
 Turles,BLU,ULTRA,252783,255304,2555158,178886,179795,14.79%,25.37%
Super Saiyan 4 Gogeta,PUR,ULTRA,266487,241900,2593898,179896,181678,14.63%,24.90%
 Golden Frieza,PUR,ULTRA,279035,256785,2416581,180906,180906,14.23%,23.02%
Super Saiyan 2 Gohan (Youth),GRN,ULTRA,262616,262616,2404502,170973,173536,15.46%,25.88%
Ultra Instinct -Sign- Goku,YEL,ULTRA,255607,279143,2530043,170880,173281,13.81%,23.73%
 Super Janemba,BLU,ULTRA,274992,261441,2620031,174321,174312,13.94%,22.91%
Super Saiyan God SS Vegito,RED,ULTRA,275079,259546,2633228,170132,173546,13.30%,24.91%
 Buu: Kid,YEL,ULTRA,263095,267063,2599984,171191,171505,14.69%,25.42%
Super Saiyan Rosé Goku Black,GRN,ULTRA,272744,253565,2679366,163818,167101,15.51%,26.57%
 Hit,RED,ULTRA,275573,246186,2679467,168027,171401,14.84%,26.08%
Super Saiyan God SS Gogeta,PUR,ULTRA,275702,248759,2653053,169811,164837,15.01%,25.58%
Legendary Super Saiyan Broly,PUR,ULTRA,279922,264835,2653154,166579,164938,14.00%,25.21%
 Super Vegito,YEL,ULTRA,262317,264910,2626739,171993,173704,14.87%,24.85%
Super Saiyan God SS Kaioken Goku,YEL,ULTRA,266528,270744,2513545,167753,163502,15.58%,25.82%
 Super Gogeta,BLU,ULTRA,274364,264710,2511727,164293,164302,15.23%,26.27%
 Omega Shenron,RED,ULTRA,247552,245079,2423480,168562,170245,14.65%,25.17%
 Vegeta,PUR,ULTRA,258101,260076,2433568,164434,158022,14.15%,23.83%
Super Saiyan Goku,RED,ULTRA,265518,251969,2387958,161394,161402,14.14%,24.48%
 Shallot,LGT,SPARKING,260252,253881,2352031,169351,166026,12.99%,21.22%
 Pan,YEL,SPARKING,254456,238806,2350079,165959,167626,14.09%,23.87%
 Whis,GRN,SPARKING,238818,253175,2452497,165926,160232,14.23%,24.17%
 Paragus: Broly (Assist),PUR,SPARKING,256999,243628,2397553,164301,162667,13.72%,23.40%
 Trunks (Xeno),PUR,SPARKING,249656,243640,2452252,174278,177797,12.94%,22.16%
Super Saiyan God Ultra Supervillain Vegeta,RED,SPARKING,242186,255977,2385744,170825,172532,13.66%,23.17%
Farmer Goku,GRN,SPARKING,254685,246064,2486754,165959,164309,13.08%,22.27%
 Tamagami Number One,GRN,SPARKING,261909,248522,2373798,163585,162759,13.93%,22.95%
 Mai,BLU,SPARKING,249770,249782,2489320,168565,171966,13.08%,22.06%
Super Saiyan God SS Goku & Vegeta,BLU,SPARKING,228057,269587,2477245,176988,173495,12.59%,21.62%
 Tamagami Number Two,RED,SPARKING,264540,251030,2326680,162768,161142,14.14%,22.95%
Super Saiyan 3 Vegeta (Mini),YEL,SPARKING,256084,267196,2428074,172646,172638,13.65%,23.29%
Super Saiyan Goku,BLU,SPARKING,232660,250986,2477245,171788,173495,13.84%,22.09%
 Super Saiyan God Goku & Hit,RED,SPARKING,260594,258363,2580327,168548,166052,14.24%,23.94%
Super Saiyan 2 Gohan (Youth),BLU,SPARKING,267210,251005,2503945,171975,166898,14.73%,23.18%
Super Saiyan Gotenks,RED,SPARKING,232439,230358,2452353,175246,173504,14.46%,25.44%
 Super Janemba,YEL,SPARKING,262962,252278,2476874,167736,167727,14.24%,25.19%
 Goku & Vegeta,GRN,SPARKING,257100,265868,2452353,171780,170072,13.60%,23.65%
Super Saiyan Gohan (Youth),RED,SPARKING,242612,262010,2464530,166153,164502,13.46%,22.84%
 Goku,GRN,SPARKING,269974,243818,2327014,160442,160434,13.85%,24.10%
 Android #14 & Android #15,GRN,SPARKING,252114,249858,2501992,166161,164511,13.37%,22.63%
 Android #13,BLU,SPARKING,247128,244916,2539706,175347,173605,13.74%,25.58%
Super Saiyan 3 Goku,PUR,SPARKING,249858,263312,2554754,180282,182990,12.83%,21.87%
 King Cold,BLU,SPARKING,260030,245060,2403896,162868,161251,14.24%,23.84%
 Metal Cooler,PUR,SPARKING,249609,239008,2501867,182082,181182,13.97%,24.32%
Final Form Frost: Full Power,RED,SPARKING,260030,240201,2403896,160450,159489,14.47%,24.56%
Super Saiyan 2 Kefla,GRN,SPARKING,284019,267311,2403896,173596,170860,13.10%,22.29%
3rd Form Frieza,RED,SPARKING,239311,268929,2327084,164814,174092,12.73%,22.12%
 Nappa,YEL,SPARKING,235085,263312,2347954,167828,166987,14.40%,24.83%
 Tien & Chiaotzu,PUR,SPARKING,257458,247387,2425528,169504,167828,13.30%,22.29%
Super Saiyan Cabba,RED,SPARKING,260030,262010,2327014,158849,159481,14.09%,23.31%
Super Saiyan God SS Vegeta,PUR,SPARKING,257458,267297,2428175,171881,172565,14.11%,24.44%
Super Saiyan 2 Caulifla & Kale,YEL,SPARKING,260131,242726,2440232,173697,170961,13.62%,23.32%
Ultra Instinct -Sign- Goku,BLU,SPARKING,281311,245161,2403997,173697,169255,14.41%,24.33%
 Jiren: Full Power,BLU,SPARKING,242707,245161,2452555,173715,172666,13.75%,23.08%
 Krillin,RED,SPARKING,241520,225130,2452432,162970,171305,15.25%,26.11%
 Vegeta,GRN,SPARKING,252455,256254,2524734,171973,171982,14.26%,23.85%
 Goku,RED,SPARKING,266070,241496,2603880,176319,173697,13.62%,22.63%
 Jackie Chun,BLU,SPARKING,252480,242707,2554855,162970,171305,13.22%,23.57%
 Goku (Youth),YEL,SPARKING,266057,243931,2593235,173697,170274,13.62%,23.29%
 Tambourine,GRN,SPARKING,249947,232862,2477324,162970,166262,14.77%,24.30%
 Demon King Piccolo,PUR,SPARKING,268947,257547,2580400,161340,162161,14.41%,23.06%
 Cyborg Tao,BLU,SPARKING,268841,239210,2362292,154925,154917,14.39%,24.36%
 Majin Duu,PUR,SPARKING,228371,250060,2555084,172083,175558,13.89%,23.68%
Super Saiyan 4 Goku,BLU,SPARKING,268841,241621,2464978,169714,166372,15.12%,25.10%
 Majin Kuu,YEL,SPARKING,239222,241621,2452901,177811,179602,14.10%,23.33%
Super Saiyan 3 Vegeta,GRN,SPARKING,255102,252581,2452778,170556,168039,14.62%,25.10%
2nd Form Cell,BLU,SPARKING,246341,253828,2350483,161453,166355,13.38%,23.21%
 Super Trunks,RED,SPARKING,251308,240403,2554700,173132,172278,12.98%,22.86%
Super Saiyan Goku,PUR,SPARKING,256375,271524,2428256,161453,163070,15.12%,25.84%
Fused with Kami Piccolo,YEL,SPARKING,253854,216435,2350483,184115,180488,13.44%,22.64%
 Android #17,PUR,SPARKING,253828,262212,2303949,168885,170577,12.93%,22.09%
 Fusion Zamasu,RED,SPARKING,262219,250072,2477425,174674,171225,14.03%,24.34%
 Android #18,YEL,SPARKING,227232,227220,2529538,172949,178201,14.91%,24.70%
 Super Saiyan Gohan & Trunks (Youth),BLU,SPARKING,253841,253841,2404098,182297,185038,13.61%,22.86%
Super Saiyan Goten (Kid),PUR,SPARKING,257660,246467,2280914,171423,166372,13.47%,23.47%
Super Saiyan God SS Goku,BLU,SPARKING,251314,253848,2386148,173807,175549,12.67%,20.99%
 Tamagami Number Three,PUR,SPARKING,251415,233075,2580731,175667,177409,13.12%,21.66%
Super Saiyan Goku (Mini),RED,SPARKING,266272,239311,2477649,174779,172184,14.41%,25.11%
 Videl,BLU,SPARKING,250186,228461,2404199,163972,163151,15.57%,25.64%
Super Saiyan 2 Goku,GRN,SPARKING,268942,255203,2504349,175641,172184,13.31%,22.13%
 Vegeta,RED,SPARKING,244145,230739,2428478,179676,177894,13.24%,22.68%
Super Saiyan Trunks (Teen),BLU,SPARKING,257504,244133,2502295,157566,157566,13.98%,23.33%
Perfect Form & Final Form Cell & Frieza,BLU,SPARKING,262058,239323,2374321,163980,162355,13.77%,24.35%
 Goku Black,YEL,SPARKING,252657,244133,2527438,177894,178789,14.27%,23.87%
 Mai,RED,SPARKING,228256,250173,2452757,172175,173899,14.43%,23.92%
 Vegito,GRN,SPARKING,247666,264937,2606662,173042,176525,12.87%,23.87%
 Glorio,YEL,SPARKING,247690,266285,2477526,168148,173233,13.12%,21.99%
 Goku (Mini),BLU,SPARKING,250161,250161,2580859,176521,175650,12.87%,21.88%
 Hyper Meta-Rilldo,YEL,SPARKING,263655,223949,2453002,171516,169807,13.95%,23.13%
 Goku (Mini),GRN,SPARKING,259041,241710,2453002,168140,164814,14.92%,23.11%
 Majin Buu (Good): Hercule (Assist),YEL,SPARKING,239323,221994,2529639,175641,173908,14.98%,24.13%
Super Saiyan 3 Gotenks,RED,SPARKING,266285,266272,2504349,175659,173917,13.31%,22.13%
Super Saiyan 3 Goku,PUR,SPARKING,233176,235489,2567866,175751,172276,14.62%,22.91%
 Rasin: Lakasei (Assist),YEL,SPARKING,233176,217711,2428579,175751,175760,14.64%,26.51%
 Cacao,RED,SPARKING,252795,239436,2453103,177510,177510,13.70%,22.88%
 Amond,GRN,SPARKING,244246,247791,2514968,160846,164089,13.77%,24.11%
 Daiz,PUR,SPARKING,255304,254024,2502521,162456,162464,13.77%,22.66%
 Goku,YEL,SPARKING,255304,266373,2529740,172293,174880,13.40%,23.11%
 Boujack,BLU,SPARKING,263743,250274,2248512,162456,162464,13.40%,23.46%
 Garlic Jr.,PUR,SPARKING,234685,228562,2580960,176622,177519,15.08%,24.87%
 Piccolo & Goku,RED,SPARKING,244246,255304,2490074,174018,174009,14.14%,23.88%
 Jiren,PUR,SPARKING,266386,229724,2428579,162464,161501,13.78%,23.70%
Super Saiyan Goku,YEL,SPARKING,228562,259142,2398278,164915,169916,13.77%,22.88%
Super Saiyan Broly,RED,SPARKING,266373,252783,2428579,174009,173138,13.53%,23.11%
Super Saiyan Goten (Kid),PUR,SPARKING,217711,239412,2580702,184322,183413,13.50%,23.12%
 Omega Shenron,GRN,SPARKING,250287,261125,2428579,175760,179287,13.62%,24.50%
 Syn Shenron,RED,SPARKING,241912,247892,2580933,172394,175843,13.07%,21.14%
Super Saiyan Trunks (Adult) (Rage),PUR,SPARKING,255392,266474,2477480,154463,156008,13.34%,22.12%
 Majin Buu: Pure Evil,GRN,SPARKING,229808,245559,2440880,178987,177223,14.11%,23.26%
 Ultimate Gohan,PUR,SPARKING,256684,271827,2529588,175852,174110,13.00%,21.92%
God of Destruction Beerus,BLU,SPARKING,239537,267809,2477851,160955,164182,13.78%,23.12%
Super Saiyan God Goku,GRN,SPARKING,266474,263844,2453081,170859,166666,14.43%,23.89%
 Bulma (Youth),BLU,SPARKING,255417,277543,2404401,153684,158340,12.63%,21.89%
 Android #18,YEL,SPARKING,227540,232098,2517132,174981,173256,13.97%,24.76%
East Supreme Kai Shin,RED,SPARKING,228674,244335,2452959,172377,174101,14.63%,24.15%
 Broly: Fury,GRN,SPARKING,269144,241924,2428680,175852,172394,13.14%,22.46%
 Vegeta & Goku,BLU,SPARKING,256684,255392,2428680,174101,172377,13.77%,24.39%
Super Saiyan God SS Goku & Vegeta,YEL,SPARKING,272064,259243,2502622,170678,174119,13.78%,22.12%
 Nappa,PUR,SPARKING,244323,252859,2395886,172377,172386,14.00%,22.89%
 Yamcha,BLU,SPARKING,266474,216722,2578249,168333,168325,13.93%,24.12%
 Goku,YEL,SPARKING,270479,233254,2450531,168325,166658,13.15%,23.12%
 Raditz,RED,SPARKING,246884,247968,2408023,168426,166759,13.30%,22.13%
Trunks (Parasitism) Baby,GRN,SPARKING,223410,262623,2339312,167609,169276,14.35%,24.28%
 Super Baby 2,YEL,SPARKING,259344,237238,2529942,179489,174211,14.94%,24.67%
 Broly: Fury,BLU,SPARKING,242013,250464,2351122,168434,170118,13.62%,21.91%
 Android #16,GRN,SPARKING,249229,246745,2428781,176837,175953,13.68%,22.35%
 Super Vegeta,RED,SPARKING,265260,258064,2428659,175078,173344,14.44%,23.90%
1st Form Cell,YEL,SPARKING,240819,216839,2504652,176837,175086,14.28%,23.13%
 Super #17,RED,SPARKING,250464,260006,2581162,172495,175953,14.05%,23.39%
Red Ribbon Army Piccolo,PUR,SPARKING,245660,242037,2374624,164283,161056,14.30%,23.90%
 Rage Shenron,YEL,SPARKING,229909,251718,2515170,173357,176824,13.85%,22.81%
 Bulla: Vegeta (Assist),PUR,SPARKING,252985,239602,2428781,166776,173536,13.64%,23.74%
 Whis,PUR,SPARKING,254226,242013,2372274,166767,163475,13.56%,22.58%
 Pan: Trunks & Giru (Assist),YEL,SPARKING,263945,228752,2428781,170126,170118,13.27%,22.49%
 Goku,BLU,SPARKING,258064,261314,2529942,175953,174211,13.14%,23.51%
God of Destruction Beerus,BLU,SPARKING,218014,232317,2248815,163576,168367,15.65%,27.97%
 Goku & Bardock,BLU,SPARKING,261415,250565,2581263,171061,170219,14.45%,23.91%
Final Form Frieza,GRN,SPARKING,259445,233456,2304454,168544,168535,13.28%,23.17%
 Golden Frieza,GRN,SPARKING,246972,259451,2428639,153893,156054,13.68%,24.51%
 Gotenks,YEL,SPARKING,228865,228865,2657638,172778,171928,14.31%,23.91%
 Ultimate Gohan,RED,SPARKING,255619,253086,2568170,171928,170227,13.03%,21.92%
 Cooler,GRN,SPARKING,257908,228865,2350988,161157,159556,15.05%,25.65%
 Golden Frieza,YEL,SPARKING,235804,268004,2416440,166868,169212,13.04%,22.59%
Super Saiyan God SS Evolved & Super Saiyan God SS Kaioken Vegeta & Goku,GRN,SPARKING,253061,272029,2581006,163576,167538,13.81%,24.39%
Super Saiyan Gohan (Youth),BLU,SPARKING,198287,256886,2351104,176063,177822,14.03%,24.90%
 Pikkon,GRN,SPARKING,248094,256886,2351105,170227,170219,13.29%,22.14%
Hero Tapion,PUR,SPARKING,253086,239715,2478053,172778,171928,12.66%,20.72%
 Demon King Piccolo,GRN,SPARKING,246954,256987,2434706,167794,169478,12.75%,21.02%
 Piccolo Jr.,RED,SPARKING,249412,253174,2502800,172012,168636,13.32%,21.91%
 Goku,GRN,SPARKING,232401,249545,2555434,170973,172680,13.18%,22.57%
 Master Roshi,YEL,SPARKING,242239,253187,2465584,168645,172021,13.17%,22.15%
 Android #8,BLU,SPARKING,258925,228966,2410610,174422,176164,12.92%,22.15%
 Goku (Youth),PUR,SPARKING,255720,261516,2594201,172688,174413,13.81%,23.39%
Super Saiyan Goku,BLU,SPARKING,269447,266777,2339280,174404,174413,11.55%,23.39%
 Recoome & Guldo,YEL,SPARKING,231267,228966,2555435,169283,180579,14.32%,24.64%
 Jeice & Burter,RED,SPARKING,245862,266790,2479816,172012,170312,13.17%,22.15%
 Captain Ginyu,PUR,SPARKING,251945,243439,2416783,169478,169478,13.88%,23.50%
 Goku,YEL,SPARKING,264133,231244,2428983,166961,172012,13.50%,23.15%
 Android #18,RED,SPARKING,228966,237429,2453384,178802,176155,14.46%,23.15%
Super Saiyan Gohan (Youth),GRN,SPARKING,245868,234731,2644258,171183,171175,12.54%,21.71%
Perfect Form Cell,PUR,SPARKING,264133,261529,2416783,177923,176172,13.88%,23.27%
 Goku Black,RED,SPARKING,245938,264234,2271722,156412,154860,13.45%,24.17%
 Gohan,RED,SPARKING,242328,239917,2555662,167057,162969,13.82%,23.17%
Power Awakening Piccolo,GRN,SPARKING,261643,253288,2351190,157184,159551,14.84%,25.42%
 Magenta,GRN,SPARKING,253288,233681,2404805,172798,172130,13.68%,24.77%
 Gamma 1 & Gamma 2,YEL,SPARKING,264234,269782,2465685,172130,168754,13.31%,23.40%
 Android #13,BLU,SPARKING,252021,238741,2465932,167912,167912,13.65%,22.50%
Final Form Cooler,GRN,SPARKING,231368,265543,2249128,161359,166236,13.68%,24.41%
Super Saiyan God SS Vegeta,GRN,SPARKING,247174,245957,2478008,160538,160390,13.83%,23.16%
 Ultimate Gohan,YEL,SPARKING,262231,245969,2304656,161351,160398,13.83%,23.40%
 Kyawei,GRN,SPARKING,248410,242316,2465685,162148,161198,14.41%,24.04%
 Kahseral,RED,SPARKING,259647,230217,2429084,170421,167749,13.83%,23.16%
 Jiren,YEL,SPARKING,253288,247187,2453485,172798,176963,12.69%,21.16%
 Goku & Final Form Frieza,PUR,SPARKING,272231,265563,2542700,168729,166083,14.20%,24.41%
Super Saiyan 3 & Super Saiyan 2 Goku & Vegeta,BLU,SPARKING,253565,264519,2525373,175029,173300,13.76%,23.17%
 Pui Pui,GRN,SPARKING,246222,253539,2400180,167470,160963,14.06%,24.17%
2nd Form Cell,RED,SPARKING,258030,249793,2448763,165825,166647,13.83%,22.94%
Super Saiyan Trunks (Adult),PUR,SPARKING,263196,253565,2448642,165002,165002,13.56%,22.94%
Super Saiyan 2 Trunks (Adult),BLU,SPARKING,242573,240196,2346670,161753,161761,14.41%,24.42%
 Master Roshi,YEL,SPARKING,254820,272785,2487576,161749,162397,13.02%,21.49%
Super Saiyan God SS Goku,GRN,SPARKING,265842,267164,2311779,153330,155486,14.93%,23.76%
Super Saiyan 2 Kefla,PUR,SPARKING,242585,267164,2424288,155626,154707,13.47%,23.41%
 Saiyan in Red,RED,SPARKING,242573,267151,2473362,152570,155633,13.51%,23.20%
 Zahha,BLU,SPARKING,251030,233921,2370360,152570,156401,15.13%,25.20%
 Giblet,RED,SPARKING,244840,246039,2581566,163879,168830,13.31%,22.42%
Super Saiyan Goku,RED,SPARKING,245010,256727,2485784,162567,160947,12.93%,23.20%
Super Saiyan Broly: Full Power,BLU,SPARKING,251143,242686,2615285,166377,166385,12.83%,21.18%
 Fusion Zamasu,GRN,SPARKING,263297,240309,2448742,163466,161862,13.33%,22.40%
 Zamasu,BLU,SPARKING,248671,248683,2589146,168868,165552,13.60%,22.40%
Super Saiyan 2 & Super Saiyan God SS Trunks (Adult) & Vegeta,YEL,SPARKING,248658,265943,2602345,167202,170551,13.70%,22.95%
 Android #17,BLU,SPARKING,264607,268827,2600186,168035,168717,14.06%,23.65%
 Super #17,YEL,SPARKING,259509,246287,2424612,157402,161334,13.60%,22.43%
 Buu: Super,PUR,SPARKING,238009,245212,2300429,158945,157394,14.85%,26.62%
 Android #17,PUR,SPARKING,238009,239174,2550942,168153,171511,13.97%,23.22%
Super Saiyan 4 Goku & Vegeta,GRN,SPARKING,266044,262102,2551070,164382,164374,14.20%,22.99%
 Pan,RED,SPARKING,242900,238110,2358758,168245,169920,14.23%,24.45%
 Goku Black,BLU,SPARKING,235746,245313,2394353,153637,158274,14.88%,26.60%
 Mecha Frieza,PUR,SPARKING,250096,260900,2300530,165305,167773,13.48%,22.97%
Super Saiyan Trunks (Teen),GRN,SPARKING,263519,256390,2500310,165305,163676,13.86%,24.96%
Final Form Cooler,RED,SPARKING,275802,248860,2461242,166128,161266,13.35%,25.21%
 Metal Cooler,BLU,SPARKING,234236,253855,2400482,162878,162878,13.93%,23.20%
Power Awakening Piccolo,PUR,SPARKING,251358,262229,2448944,166120,164499,13.09%,22.31%
Beast Gohan,BLU,SPARKING,264936,264923,2563828,170029,170021,13.60%,24.97%
Perfect Form Cell,YEL,SPARKING,241783,237041,2400583,165406,163786,14.59%,23.44%
 Tien,BLU,SPARKING,229753,264923,2412397,162955,164576,13.72%,23.70%
Ultimate Gohan Absorbed Buu: Super,RED,SPARKING,247743,244202,2436991,159938,158371,13.92%,25.12%
 Majin Vegeta,PUR,SPARKING,240600,249075,2551144,162963,162955,13.72%,24.00%
Hero Tapion,YEL,SPARKING,254070,238312,2358960,164685,164693,13.74%,24.22%
Super Saiyan 3 Goku,GRN,SPARKING,268992,251547,2449391,163072,159871,14.53%,24.23%
 Tien,GRN,SPARKING,240701,265037,2323836,154603,159892,13.39%,23.69%
 Krillin,YEL,SPARKING,240701,237142,2400684,166773,169936,13.65%,23.92%
 Goku,PUR,SPARKING,257860,244308,2323953,163056,162097,13.76%,22.22%
Super Saiyan Vegeta,BLU,SPARKING,256579,245515,2323836,161452,162105,13.76%,23.46%
Ultra Instinct Goku,RED,SPARKING,271664,266353,2500637,163056,160510,14.26%,24.47%
 Gamma 2,BLU,SPARKING,270650,239573,2437334,163940,163932,13.37%,22.18%
 Gamma 1,GRN,SPARKING,245470,259897,2461812,163932,165561,13.37%,22.18%
Super Saiyan Gogeta,PUR,SPARKING,254158,254158,2498812,157007,156239,13.38%,23.00%
 Android #17 & Android #18,RED,SPARKING,250469,261275,2513419,170278,171120,13.38%,22.96%
Super Saiyan Trunks (Teen),YEL,SPARKING,255490,252979,2312498,163218,164025,13.75%,22.96%
 Whis,PUR,SPARKING,234978,246649,2437313,161593,160815,14.56%,25.44%
 Golden Frieza,GRN,SPARKING,258038,259991,2323994,162420,159869,13.40%,22.41%
Super Saiyan God SS Vegeta,BLU,SPARKING,243246,259053,2312615,159397,153990,14.41%,23.71%
Super Saiyan God SS Goku,RED,SPARKING,237409,237962,2437414,161694,162504,14.78%,24.20%
God of Destruction Beerus,BLU,SPARKING,258808,236244,2413181,155611,158557,14.85%,24.68%
 Jiren: Full Power,PUR,SPARKING,267945,262712,2365199,165747,161550,13.03%,21.98%
 Android #18,GRN,SPARKING,249352,238586,2389069,161718,164952,14.25%,23.43%
Final Form Frieza,BLU,SPARKING,250582,261376,2289609,158722,160297,13.89%,23.34%
Kaioken Goku,GRN,SPARKING,265312,244578,2312716,162504,164117,13.75%,22.99%
 Bardock,YEL,SPARKING,256890,256890,2460095,163013,162207,13.85%,23.01%
1st Form Frieza,GRN,SPARKING,254946,240258,2411262,160602,159005,14.22%,24.01%
 Zamasu: Goku Black (Assist),GRN,SPARKING,235491,237880,2664962,158989,160586,14.36%,24.37%
Super Saiyan Trunks (Adult),BLU,SPARKING,271622,251174,2435374,165482,163836,13.30%,22.55%
 Broly,GRN,SPARKING,270392,229431,2460196,161501,162308,13.58%,22.79%
Super Saiyan God SS Goku & Vegeta,PUR,SPARKING,256991,256991,2484796,163114,162308,13.58%,23.02%
Super Saiyan Rosé Goku Black,YEL,SPARKING,251250,237969,2460074,153794,155337,14.96%,23.78%
Fused with Nail Piccolo,RED,SPARKING,263495,240359,2484672,162308,159106,13.58%,22.56%
Super Saiyan Goku,YEL,SPARKING,251275,240347,2472435,166053,166045,13.58%,22.79%
 Gohan (Kid): Piccolo (Assist),GRN,SPARKING,250001,255700,2366842,159275,156125,14.03%,23.90%
 Vegeta,RED,SPARKING,262266,238046,2482314,160788,159191,14.76%,23.91%
 Perfect Cell,PUR,SPARKING,263670,251452,2486914,162526,162518,13.60%,23.04%
Super Saiyan 2 Caulifla: Kale (Assist),YEL,SPARKING,251465,250222,2435798,149445,149306,14.26%,24.28%
God of Destruction Toppo,GRN,SPARKING,236976,265013,2524652,160106,163975,13.05%,22.15%
Super Saiyan God SS Evolved Vegeta,YEL,SPARKING,255249,261070,2512030,157711,159934,13.75%,23.50%
Legendary Super Saiyan Broly,PUR,SPARKING,255249,240561,2411565,151703,148714,14.61%,25.04%
 Majuub,YEL,SPARKING,246505,246493,2435677,159300,165776,13.73%,23.41%
Super Saiyan 3 Goku,BLU,SPARKING,248979,233440,2334441,157719,164945,14.38%,24.55%
Final Form Frieza: Full Power,YEL,SPARKING,250405,262569,2411526,157308,158883,13.97%,23.84%
Super Saiyan Trunks (Teen),GRN,SPARKING,252928,243164,2387655,161107,162720,13.49%,23.29%
 Boujack,RED,SPARKING,237202,237178,2550096,158711,163535,13.69%,23.64%
Super Saiyan Gohan (Youth),PUR,SPARKING,263899,243164,2411767,157324,157316,12.99%,22.83%
Super Saiyan Trunks (Kid),GRN,SPARKING,239311,260333,2327084,168131,168140,13.61%,23.48%
 Gohan (Kid),BLU,SPARKING,244133,266259,2371734,162355,163980,13.50%,22.99%
Super Saiyan God SS Goku,PUR,SPARKING,249269,246796,2460578,149751,149751,14.12%,23.07%
Super Saiyan God Goku,GRN,SPARKING,246796,227644,2458143,151257,156614,14.44%,24.80%
Super Saiyan 3 Goku,YEL,SPARKING,251780,232228,2448217,159603,162805,13.62%,22.86%
Super Saiyan 2 Goku,BLU,SPARKING,227667,232228,2411747,161990,159603,14.77%,25.34%
Super Saiyan Goku,YEL,SPARKING,240864,249257,2411868,140874,146595,14.99%,25.60%
 Goku,RED,SPARKING,254278,237256,2275996,155850,152770,14.44%,23.83%
Super Saiyan 2 Kefla,RED,SPARKING,258202,253136,2487318,155943,153493,13.15%,23.31%
Super Saiyan God SS Vegito,PUR,SPARKING,246897,249370,2460680,157336,163724,13.78%,23.66%
Half-Corrupted Fusion Zamasu,RED,SPARKING,272329,249395,2436080,151350,149860,14.29%,24.32%
Super Saiyan 4 Gogeta,GRN,SPARKING,260177,249358,2460680,165000,166651,13.77%,23.45%
 Android #17,YEL,SPARKING,261468,239752,2436081,159704,161949,13.29%,23.31%
 Android #18,BLU,SPARKING,249471,248228,2448419,161410,162050,13.30%,23.32%
Super Saiyan 4 Goku,YEL,SPARKING,261569,251957,2460780,154508,156052,14.28%,23.11%
Super Saiyan God SS Goku,BLU,SPARKING,244674,228986,2370132,157433,160595,14.87%,24.99%
 Trunks: Mai (Assist),RED,SPARKING,246998,246998,2358167,159186,156835,14.30%,24.09%
Super Saiyan Rosé Goku Black,PUR,SPARKING,260265,251969,2510348,154501,155276,14.30%,23.85%
 Demon King Piccolo (Aged),PUR,SPARKING,233968,251969,2405788,158391,157611,13.53%,22.83%
Super Saiyan Broly,YEL,SPARKING,262986,249585,2436526,153081,155373,14.08%,23.33%
 Bulma (Youth),PUR,SPARKING,221518,241155,2163997,158317,159898,15.31%,26.12%
 Vegeta,YEL,SPARKING,227970,231368,2436404,154602,156145,15.31%,26.39%
 Buu: Kid,BLU,SPARKING,248336,268265,2436283,161495,161503,13.28%,22.89%
Super Saiyan Gohan,YEL,SPARKING,252058,238777,2512385,171903,168528,13.39%,23.21%
 Goku,PUR,SPARKING,229110,229110,2652744,162309,162309,14.24%,24.97%
 Vegeta,RED,SPARKING,236399,255855,2358268,141177,145446,13.80%,23.56%
Final Form Frieza,RED,SPARKING,242438,254695,2412031,161612,160015,13.81%,23.11%
Super Saiyan Broly: Full Power,BLU,SPARKING,264377,252184,2537853,161596,158426,13.30%,23.34%
Ultra Instinct -Sign- Goku,PUR,SPARKING,279502,271301,2288700,145547,142694,14.82%,25.74%
 Metal Cooler,GRN,SPARKING,245963,248437,2346642,157034,157034,15.05%,23.22%
Super Saiyan Vegeta,PUR,SPARKING,236590,230441,2523136,163762,163770,13.96%,23.35%
 Goku Black,GRN,SPARKING,246165,253635,2498268,155676,157236,14.77%,23.01%
 Great Saiyaman 1 & 2 (Assist),RED,SPARKING,249875,226003,2335116,156456,153384,15.74%,26.65%
 Vegeta,BLU,SPARKING,241559,230643,2388463,163512,161100,13.70%,23.60%
Perfect Form Cell,RED,SPARKING,241547,239157,2090082,92369,93278,15.08%,25.14%
 Trunks (Kid),GRN,SPARKING,241559,236426,2189432,152720,151215,13.43%,23.37%
 Goten (Kid),YEL,SPARKING,245179,221921,2266127,161282,155021,13.43%,23.37%
 Dyspo,RED,SPARKING,243972,245066,2211645,144427,144420,15.90%,26.40%
 Toppo,BLU,SPARKING,241559,231795,2436564,157155,163520,13.84%,23.37%
 Jiren,GRN,SPARKING,275677,226115,2388463,159683,155005,13.60%,22.14%
Super Saiyan Goku,GRN,SPARKING,245042,230643,2175325,160302,165955,14.86%,24.89%
 Turles,YEL,SPARKING,227334,253837,2347046,158039,159620,14.06%,23.73%
 Hit,PUR,SPARKING,269003,240453,2358773,145236,149621,14.72%,25.15%
Wasteland Bandit Yamcha,GRN,SPARKING,264908,219940,2289205,162101,160504,14.87%,25.66%
Gotenks Absorbed Buu: Super,BLU,SPARKING,224081,253938,2256610,155223,158334,15.02%,24.16%
 Gohan (Adult),BLU,SPARKING,234301,239371,2312312,152930,149926,13.86%,23.16%
Super Full Power Saiyan 4 Goku,GRN,SPARKING,242967,257114,2347381,161318,161302,14.44%,23.51%
 Omega Shenron,RED,SPARKING,249042,246594,2473950,156096,159199,13.94%,23.28%
 Fusion Zamasu,PUR,SPARKING,237106,261099,2511156,157624,156852,13.87%,22.94%
Super Saiyan Trunks (Adult) (Rage),YEL,SPARKING,220019,250292,2550952,167097,163831,13.46%,22.94%
Super Saiyan God SS Vegito,BLU,SPARKING,269191,252777,2486187,156852,156860,14.24%,24.29%
Super Saiyan God SS Vegeta,PUR,SPARKING,224160,256562,2511156,155308,158419,13.73%,22.94%
Super Saiyan God SS Goku,RED,SPARKING,247806,218933,2486311,160605,165444,13.73%,23.17%
Super Saiyan Gotenks,RED,SPARKING,240746,229870,2266430,160834,153074,13.47%,23.75%
 Pikkon,RED,SPARKING,211571,245583,2359076,143401,149172,14.75%,25.68%
Super Kaioken Goku,GRN,SPARKING,240756,252891,2461689,146254,144817,14.89%,25.18%
 Vegito,YEL,SPARKING,238457,254198,2335621,150900,147955,13.48%,23.76%
 Bardock,RED,SPARKING,239634,232264,2461689,149424,149417,13.61%,23.18%
1st Form Frieza,PUR,SPARKING,218115,242137,2323994,155573,155573,15.19%,26.32%
 Lavender,PUR,SPARKING,240857,244347,2324226,148540,147088,15.28%,25.06%
 Bergamo,RED,SPARKING,240857,244477,2413080,162420,164016,13.75%,23.19%
 Basil,BLU,SPARKING,255490,238491,2335838,144918,144925,15.20%,25.19%
 Android #21: Good,GRN,SPARKING,237320,253622,2437435,155526,158629,14.24%,23.89%
 Android #21,RED,SPARKING,225480,250481,2461790,157070,158629,15.05%,25.19%
 Android #21: Evil,PUR,SPARKING,246852,218115,2437313,151024,152522,13.25%,22.19%
 Android #21,BLU,SPARKING,225565,214905,2212150,156341,156349,14.26%,25.04%
 Baby Vegeta,GRN,SPARKING,221391,233860,2437435,154805,154789,15.34%,26.71%
1st Form Cell,GRN,SPARKING,226779,239836,2401064,145077,149426,14.55%,25.57%
Super Saiyan Trunks (Teen),RED,SPARKING,254400,222584,2289494,157994,159562,13.72%,23.96%
Super Saiyan 2 Kefla,GRN,SPARKING,269344,238659,2312716,149626,146696,13.90%,23.43%
 Super Baby 2,BLU,SPARKING,217157,227902,2437292,161759,164978,13.85%,24.56%
 Super Janemba,RED,SPARKING,244006,216521,2369289,159256,160845,14.68%,24.90%
 Super Gogeta,GRN,SPARKING,236942,247711,2334106,154710,150146,13.73%,24.63%
Super Saiyan Vegeta,BLU,SPARKING,215006,254400,2312716,151863,155658,13.40%,22.87%
Super Saiyan God Goku,PUR,SPARKING,223725,230536,2459972,155112,158243,13.78%,23.24%
Super Saiyan God SS Gogeta,YEL,SPARKING,272979,267589,2459972,157416,157408,14.20%,23.24%
Kakarot Goku,RED,SPARKING,238018,219674,2460074,153080,154617,13.95%,23.78%
 Broly: Cheelai (Assist),BLU,SPARKING,246342,241622,2484672,151551,153073,13.59%,24.02%
Hero Tapion,RED,SPARKING,246430,207986,2334239,155425,150845,15.47%,25.14%
 Eis Shenron,BLU,SPARKING,245079,258281,2345733,154581,160865,13.64%,24.16%
 Syn Shenron,YEL,SPARKING,238018,236841,2435475,161563,163168,13.32%,22.79%
 Nuova Shenron,YEL,SPARKING,256991,230930,2357579,160711,164744,14.50%,24.04%
Super Saiyan 4 Vegeta,RED,SPARKING,229502,258354,2210433,156169,153073,13.45%,23.25%
Super Saiyan 4 Goku,PUR,SPARKING,250084,216399,2334121,154617,156169,14.16%,25.27%
Final Form Frieza,RED,SPARKING,233482,218729,2311114,152448,150181,13.33%,22.46%
 Cooler,PUR,SPARKING,212284,201685,2411464,156141,161686,13.60%,23.61%
Super Saiyan God SS Vegeta,GRN,SPARKING,246519,235838,2411464,155526,156306,14.31%,24.90%
Super Saiyan Rosé Goku Black,RED,SPARKING,242856,239388,2472536,147944,149435,14.38%,24.78%
 Buu: Kid,GRN,SPARKING,247730,242962,2411565,158673,155547,14.23%,23.82%
Ultimate Gohan Absorbed Buu: Super,PUR,SPARKING,217721,245642,2363820,154070,155630,13.80%,23.18%
 Raditz,GRN,SPARKING,222071,242888,2334441,154819,151753,14.98%,24.79%
 Gohan,GRN,SPARKING,214516,244182,2311100,143491,146382,13.90%,24.16%
 Vegeta,BLU,SPARKING,231252,219928,2277948,139255,142067,13.10%,22.15%
 Full Power Boujack,PUR,SPARKING,258616,235927,2435677,152561,152569,13.10%,22.15%
 Bardock,YEL,SPARKING,238282,238294,2497359,151039,149541,13.61%,22.92%
God of Destruction Champa,YEL,SPARKING,233190,259900,2387554,155640,152576,14.40%,23.51%
 Piccolo,YEL,SPARKING,215642,227511,2357763,161842,160252,13.98%,23.81%
 Goku,BLU,SPARKING,230940,224140,2311201,161842,159442,13.62%,23.05%
Super Saiyan 3 Goku,GRN,SPARKING,236040,265251,2265445,157901,157909,14.33%,23.75%
Goku Captain Ginyu,RED,SPARKING,238496,210196,2311302,139457,143686,12.87%,22.28%
Bunny Girl Bulma (Youth),GRN,SPARKING,215905,213753,2200051,140256,145951,12.94%,24.80%
 Android #18,RED,SPARKING,210589,236218,2288410,162090,161291,14.35%,25.70%
 Goku,GRN,SPARKING,233886,238597,2460701,158894,159685,13.50%,22.95%
 Fusion Android #13,RED,SPARKING,245686,231566,2334744,159701,156545,14.42%,24.43%
 Super #17,GRN,SPARKING,215985,242161,2311735,159802,159794,14.65%,25.45%
 Goku,RED,SPARKING,238710,221162,2448563,158212,161384,13.38%,23.42%
Super Saiyan Gohan (Youth),YEL,SPARKING,236319,217082,2288397,159794,159802,13.38%,23.54%
 Hit,YEL,SPARKING,261729,211825,2323216,138004,142187,14.30%,25.09%
Super Saiyan God SS Goku,YEL,SPARKING,241190,212890,2370132,138690,140075,14.23%,24.72%
 Vados,GRN,SPARKING,238777,227970,2388059,141177,146165,15.63%,27.16%
 Android #15,PUR,SPARKING,212980,212991,2311706,153175,153175,15.55%,26.49%
 Android #14,GRN,SPARKING,246090,181304,2436627,153268,151754,13.44%,22.44%
 Android #13,BLU,SPARKING,219284,248564,2335030,146559,150989,13.68%,23.69%
 Trunks (Teen),PUR,SPARKING,251039,206572,2288700,140283,137534,13.90%,24.23%
 Buu: Kid,RED,SPARKING,243664,217364,2388399,157894,154797,13.68%,22.99%
 Super Vegito,PUR,SPARKING,247440,219638,2412373,149591,146660,14.90%,25.62%
 Goku,BLU,SPARKING,218663,251266,2277634,143681,145119,13.36%,23.36%
Final Form Frieza: Full Power,YEL,SPARKING,228401,230660,2424348,158717,163511,13.16%,23.01%
 Golden Frieza,GRN,SPARKING,239191,252503,2266253,147298,142983,13.56%,22.90%
Super Saiyan God SS Vegeta,PUR,SPARKING,247541,226119,2312240,142969,142969,13.90%,23.24%
Super Saiyan God SS Goku,BLU,SPARKING,234593,239304,2312225,153544,146855,13.84%,22.80%
Ultimate Gohan Absorbed Buu: Super,GRN,SPARKING,242779,219851,2388702,149801,149808,14.57%,24.62%
Fused with Kami Piccolo,YEL,SPARKING,206874,239304,2111180,145946,148859,14.35%,24.28%
 Metal Cooler,RED,SPARKING,215616,219952,2436788,146963,148425,14.58%,25.40%
Legendary Super Saiyan Broly,GRN,SPARKING,229811,215727,2437132,159020,155895,14.37%,24.28%
Super Saiyan Goku,YEL,SPARKING,215717,215738,2335535,156059,153773,15.08%,26.29%
Super Saiyan Gohan (Teen),BLU,SPARKING,234795,221140,2412656,157453,162199,13.95%,24.52%
Super Saiyan Goten (Kid),PUR,SPARKING,234783,250319,2335419,147064,151494,13.79%,23.04%
Taitans Yamcha,PUR,SPARKING,194436,190611,2389005,117146,120662,15.10%,26.96%
 Buu: Super,PUR,SPARKING,249170,252919,2168181,147687,143387,12.48%,21.27%
Super Saiyan 3 Gotenks,YEL,SPARKING,236068,216894,2080097,164730,161502,14.52%,24.17%
 Hyper Meta-Rilldo,RED,SPARKING,251771,215929,2190165,153210,153202,12.86%,21.85%
 Gotenks,GRN,SPARKING,218193,196556,2244209,147897,143582,13.19%,22.30%
 Gogeta,BLU,SPARKING,226736,239809,2234476,143582,143575,13.12%,22.41%
Super Saiyan 2 Gohan (Youth),RED,SPARKING,234724,253121,2341700,153311,151804,13.22%,22.85%
 Perfect Cell,YEL,SPARKING,248248,226826,2301104,145114,146552,13.63%,23.31%
Super Namekian Lord Slug,BLU,SPARKING,237542,214022,2359396,143676,142274,12.95%,21.30%
Super Saiyan 2 Vegeta,PUR,SPARKING,214001,226826,2212472,140871,145812,14.41%,24.80%
Super Saiyan 3 Goku,RED,SPARKING,229108,250723,2190367,137178,133183,12.39%,21.41%
 Ultimate Gohan,GRN,SPARKING,248804,220723,2242392,139281,137896,12.56%,24.49%
Super Saiyan God Vegeta,YEL,SPARKING,245162,200529,2232658,135864,133176,13.40%,24.37%
 Great Saiyaman 2,RED,SPARKING,242679,213169,2322409,142469,145345,14.01%,24.49%
 Great Saiyaman 1,PUR,SPARKING,216375,237991,2166565,153007,148488,13.04%,23.24%
 Rozie,YEL,SPARKING,216466,234553,2210543,148589,148596,14.59%,24.89%
 Kakunsa,PUR,SPARKING,253917,207986,2288020,153888,152359,14.44%,22.90%
 Launch,RED,SPARKING,246392,260963,2435697,153895,158572,15.25%,26.29%
 Videl,YEL,SPARKING,233567,201738,2177654,141997,144859,13.40%,23.73%
 Bulma (Youth),BLU,SPARKING,191136,227439,2120671,134047,138127,14.88%,26.55%
 Chi-Chi,GRN,SPARKING,221828,225168,2131273,134722,137431,14.24%,24.15%
 Ribrianne,BLU,SPARKING,246620,217754,2460152,149541,154098,13.61%,22.92%
Super Saiyan 2 Caulifla,PUR,SPARKING,252916,211381,2188752,146618,143716,12.73%,21.46%
 Trunks (Youth),BLU,SPARKING,192292,145791,1928429,127091,129648,11.32%,17.78%
Final Form Cooler,BLU,SPARKING,244399,225429,2188634,139429,140833,13.18%,22.60%
 Boujack,YEL,SPARKING,211532,232635,2346036,145299,146761,13.18%,22.27%
God of Destruction Beerus,GRN,SPARKING,208503,239703,2323045,138123,136747,12.93%,21.47%
Super Saiyan God Goku,RED,SPARKING,225882,215898,2334542,136066,140195,13.11%,22.27%
Super Saiyan Broly,PUR,SPARKING,211734,238608,2436122,138912,136167,14.78%,25.56%
 Nappa,BLU,SPARKING,262582,217822,2586162,162704,161091,14.14%,23.58%
 Nappa (Young),PUR,SPARKING,214718,216870,2311302,149743,152763,13.83%,23.40%
 Goku,PUR,SPARKING,199283,230660,2334626,151490,149258,12.51%,21.17%
Super Saiyan Gohan (Teen),GRN,SPARKING,236230,219133,2288296,149094,150585,14.42%,22.95%
 Chilled,PUR,SPARKING,203507,201491,2265849,142024,140619,14.87%,26.09%
Super Saiyan Bardock,BLU,SPARKING,241315,218215,2132092,139903,142009,13.02%,22.20%
Super Saiyan 2 Goku,YEL,SPARKING,212058,212048,2323216,152461,147982,13.39%,23.20%
 Super Janemba,PUR,SPARKING,206827,211008,2448419,150214,151707,14.74%,23.85%
 Super Gogeta,RED,SPARKING,238911,224833,2334946,137839,140598,13.02%,22.31%
 Broly: Fury,RED,SPARKING,233251,207968,2233566,139316,136571,12.79%,21.52%
King of the Demon Realm Dabura,BLU,SPARKING,205919,233263,2110881,142812,140713,13.53%,23.85%
Super Saiyan Gotenks,PUR,SPARKING,223820,243807,2167474,131659,140706,12.29%,22.31%
 Majin Vegeta,RED,SPARKING,243921,225024,2167575,140807,140105,12.55%,21.21%
Super Saiyan Goten (Kid),GRN,SPARKING,234247,185285,2102147,130622,121380,10.23%,21.87%
Super Saiyan Trunks (Kid),YEL,SPARKING,204750,235528,2081125,128042,126664,8.41%,20.77%
 Vegito,RED,SPARKING,215222,219537,2412272,158507,158515,14.11%,24.23%
 Vegeta,GRN,SPARKING,235888,190383,2312124,147632,144742,13.06%,21.80%
 Goku Black,PUR,SPARKING,217566,217576,2312009,161897,160299,14.41%,24.88%
Super Saiyan Kale (Berserk),RED,SPARKING,211049,227426,2364829,159638,156513,12.58%,21.24%
 Zamasu,RED,SPARKING,211487,213608,2461386,147025,149219,14.22%,24.03%
 Goku Black,YEL,SPARKING,200111,236102,2111492,144951,147841,13.94%,24.15%
 Goku,BLU,SPARKING,225540,196260,2041412,144127,137177,13.35%,21.83%
Super Saiyan 2 Trunks (Adult),BLU,SPARKING,222198,236203,2189744,137490,138856,12.71%,22.05%
Super Saiyan Gohan,YEL,SPARKING,227094,216039,2358975,141413,145668,13.34%,22.60%
World Champion Hercule,RED,SPARKING,110721,109639,1684350,123337,125782,12.88%,22.09%
 Majin Buu: Good,GRN,SPARKING,208099,213362,2287919,158447,155320,12.81%,22.89%
Super Saiyan 3 Goku,PUR,SPARKING,246672,243000,2089079,130851,125721,12.95%,22.13%
Super Saiyan 2 Gohan (Youth),PUR,SPARKING,222765,186584,2345338,135221,136580,9.02%,21.54%
 Super Trunks,GRN,SPARKING,241917,162867,1762490,129342,129335,11.26%,16.07%
Perfect Form Cell,RED,SPARKING,215122,232420,2065086,130648,130642,9.20%,21.54%
 Android #18,BLU,SPARKING,230346,209432,2166868,133595,136285,12.16%,24.40%
Super Saiyan Goku,GRN,SPARKING,165322,203211,2193545,129342,126774,9.30%,25.39%
 Cooler,GRN,SPARKING,201481,241315,2311605,144338,142911,13.15%,22.53%
 Android #16,GRN,SPARKING,207397,129749,2486510,155218,158346,9.69%,19.94%
Fused with Kami Piccolo,BLU,SPARKING,179459,235391,2237635,130511,129342,9.16%,23.08%
 Super Vegeta,YEL,SPARKING,179259,227265,2237746,124264,131942,9.21%,21.33%
Super Saiyan Goku,GRN,SPARKING,218966,249069,2200960,138725,140096,13.39%,24.40%
1st Form Frieza,BLU,SPARKING,200984,250319,2358874,143984,144710,14.59%,25.28%
Legendary Super Saiyan Broly,BLU,SPARKING,241485,159104,1921582,124294,118232,11.05%,20.62%
 Demon King Piccolo,YEL,SPARKING,229370,202299,2051507,143519,131072,15.09%,23.57%
 Bardock,GRN,SPARKING,217726,181088,2511626,138071,138071,8.75%,17.79%
Super Saiyan Vegeta,YEL,SPARKING,215940,236145,2335970,144905,144898,13.61%,23.29%
 Goku (Youth),YEL,SPARKING,238852,193844,2090796,135103,133778,13.36%,23.65%
Super Saiyan Goku,BLU,SPARKING,217284,182899,2203952,150623,152894,9.39%,17.79%
Super Saiyan Cabba,GRN,SPARKING,215531,234698,2289178,145055,149463,12.84%,21.70%
 Android #18,YEL,SPARKING,215122,179259,1827954,125519,133274,13.88%,17.79%
 Android #17,PUR,SPARKING,214718,231453,2322914,160318,163549,12.99%,22.17%
 Krillin,BLU,SPARKING,215946,232781,2131676,143817,143109,13.64%,22.72%
Super Saiyan Goku,YEL,SPARKING,232460,227885,2000012,139980,137218,13.51%,22.51%
 Mai,GRN,SPARKING,189851,219044,2020913,144228,144235,12.36%,21.06%
 Turles,PUR,SPARKING,233791,249241,2256711,138162,138845,13.10%,22.06%
Super Saiyan Trunks (Teen),RED,SPARKING,161429,159814,1865069,125581,126199,10.55%,19.58%
Super Saiyan Vegeta,RED,SPARKING,235612,206563,2009502,165265,156884,12.94%,23.41%
Super Saiyan Goku,RED,SPARKING,218639,216466,2188550,150080,150073,13.67%,23.78%
 Pan,BLU,SPARKING,237683,211885,2089786,146202,146195,14.09%,26.35%
 Pikkon,YEL,SPARKING,236833,197842,2335015,135734,137762,13.69%,23.23%
Final Form Frieza,YEL,SPARKING,244236,204002,2243704,139720,142521,13.31%,23.84%
 Captain Ginyu,GRN,SPARKING,199010,219905,2288222,143840,146738,13.04%,22.37%
Super Saiyan Goku,RED,SPARKING,180837,226973,1712386,109677,115300,9.75%,16.78%
 Goku,BLU,SPARKING,167822,154112,1883813,127956,134517,9.85%,19.03%
 Vegeta,PUR,SPARKING,199771,247428,2289030,145737,141466,13.18%,21.90%
 Piccolo,GRN,SPARKING,204992,200933,2346036,161926,158737,12.85%,21.72%
 Gohan (Kid),YEL,SPARKING,223729,143148,1883719,128111,126837,8.86%,16.87%
Super Saiyan Gohan (Teen),BLU,EXTREME,252783,228562,2452980,172476,168241,13.77%,23.12%
 Trunks,GRN,EXTREME,211238,274877,2404502,166776,170126,13.84%,23.62%
 Bardock,PUR,EXTREME,233479,255607,2362797,166868,168535,13.66%,23.38%
Final Form Frieza,RED,EXTREME,233479,231143,2404603,174312,174312,14.51%,24.41%
 Metal Cooler,YEL,EXTREME,242126,259445,2327604,161157,164400,13.66%,23.38%
 Gohan (Kid) & Krillin,PUR,EXTREME,255720,235893,2440939,168645,172021,13.40%,23.15%
 Cell Jr.,RED,EXTREME,227826,257636,2428983,165310,165310,14.30%,24.15%
 Vados,PUR,EXTREME,236006,252040,2304656,167062,164435,14.32%,24.65%
God of Destruction Champa,BLU,EXTREME,258367,230229,2304656,167062,167740,14.04%,23.63%
Super Saiyan Kale (Berserk),BLU,EXTREME,229315,260597,2424410,155626,158585,15.16%,25.43%
 Bergamo,PUR,EXTREME,279619,227069,2335117,151053,150170,14.57%,25.30%
 Majuub,RED,EXTREME,265842,237819,2400180,164180,165817,13.68%,23.43%
 Omega Shenron,BLU,EXTREME,237831,263196,2448763,158759,163538,14.04%,23.96%
Super Saiyan God SS Vegeta,RED,EXTREME,237908,256188,2498183,158677,165095,13.70%,23.30%
Super Saiyan God SS Goku,GRN,EXTREME,235544,237908,2498183,167202,171393,13.84%,24.43%
 Android #18,YEL,EXTREME,254895,249907,2500233,164281,161709,13.85%,23.65%
 Thouser,GRN,EXTREME,259636,244101,2424592,157487,160644,13.72%,23.44%
Final Form Cooler,BLU,EXTREME,255224,243001,2400583,155261,150723,15.39%,24.22%
 Turles,RED,EXTREME,232034,240600,2449290,161367,161367,15.11%,25.47%
 Gohan & Trunks (Youth),GRN,EXTREME,244477,239662,2424954,162420,165654,14.61%,25.19%
 Dyspo,GRN,EXTREME,235868,246891,2289609,158714,157797,15.51%,26.20%
 Toppo,YEL,EXTREME,242165,236244,2437292,155611,157007,15.23%,26.46%
 Fasha,BLU,EXTREME,253093,258808,2336056,148847,153318,14.62%,24.44%
 Tora,GRN,EXTREME,248676,243866,2334020,157416,160602,14.73%,25.26%
 Mai,RED,EXTREME,222566,259484,2310566,153693,160764,15.23%,26.53%
Final Form Frieza,GRN,EXTREME,242659,240246,2575086,160602,159005,14.08%,23.77%
Super Saiyan 2 Gohan (Youth),BLU,EXTREME,251250,250007,2287791,164764,163127,13.72%,23.54%
 Copyman,PUR,EXTREME,242861,222768,2230426,156998,153895,14.98%,25.03%
 Jinkouman,RED,EXTREME,248865,210056,2366944,161770,156998,14.76%,24.53%
 Tennenman,RED,EXTREME,221908,243943,2230426,160171,153895,14.76%,24.78%
 Kyukonman,YEL,EXTREME,229532,228380,2534407,164038,162409,13.61%,22.57%
 Kaiwareman,BLU,EXTREME,242861,243956,2408836,154651,151602,13.67%,22.80%
 Saibaman,GRN,EXTREME,246392,210056,2457494,160163,159360,14.11%,24.03%
 Yajirobe,PUR,EXTREME,250127,213239,2547268,157785,157785,14.18%,23.91%
 Jiren,BLU,EXTREME,250203,252732,2537146,159300,159950,13.25%,22.26%
Super Saiyan Goku,GRN,EXTREME,242962,240549,2188533,148699,151703,14.81%,25.06%
 Guprei,PUR,EXTREME,254012,236988,2322640,154034,151002,13.87%,23.88%
 Monrei,YEL,EXTREME,228530,231945,2447955,167126,172201,13.60%,22.66%
 Navel,GRN,EXTREME,241789,239365,2299419,154818,159533,14.46%,23.12%
 Raspberry,RED,EXTREME,241789,250222,2399372,149497,154042,13.80%,23.35%
 Roberry,RED,EXTREME,227476,235894,2346036,162611,160998,13.87%,23.07%
 Nabana,BLU,EXTREME,247855,230886,2299590,153340,158003,13.81%,23.42%
 Orlen,YEL,EXTREME,247831,216646,2311201,151804,153324,14.90%,24.82%
 Ramon,GRN,EXTREME,238284,251566,2311201,148815,154860,13.80%,22.84%
 Appule,PUR,EXTREME,235918,244270,2311085,147332,154860,14.10%,24.31%
 Zangya,YEL,EXTREME,238385,246695,2334409,142189,147975,15.87%,24.54%
Super Saiyan Rosé Goku Black,YEL,EXTREME,212558,216848,2358084,160397,163623,15.45%,26.20%
Super Saiyan 3 Gotenks,GRN,EXTREME,242059,254291,2387756,149550,145150,13.49%,22.86%
 Super Baby 2,RED,EXTREME,251868,223251,2211039,157518,159881,14.27%,24.10%
 Super #17,PUR,EXTREME,233867,248109,2436202,143821,148177,14.42%,24.59%
 Baby Vegeta,BLU,EXTREME,230037,246885,2334844,143821,145244,14.93%,25.48%
 Goku Black,BLU,EXTREME,236287,236298,2255791,144630,146075,15.70%,26.09%
 Trunks (Youth),GRN,EXTREME,218131,215969,2311374,163833,165471,15.24%,25.83%
 Master Roshi,BLU,EXTREME,243568,238777,2288599,144009,145446,15.04%,25.35%
 Broly,YEL,EXTREME,237660,228059,2382062,161596,159999,13.81%,23.34%
Final Form Frieza,BLU,EXTREME,230329,219424,2497816,154710,153182,14.82%,25.11%
 Full Power Boujack,YEL,EXTREME,237683,237683,2370097,153946,155490,15.05%,25.48%
 Yurin,GRN,EXTREME,253451,241302,2277136,155525,159286,14.70%,26.06%
 Gohan (Kid),PUR,EXTREME,246297,247402,2089981,150155,144326,14.20%,24.25%
 Rozie,RED,EXTREME,215303,241458,2189442,142896,147934,15.50%,26.92%
 Kakunsa,GRN,EXTREME,219637,213185,2312009,161806,160209,15.37%,25.38%
 Ribrianne,YEL,EXTREME,224026,236726,2346609,156448,154920,15.35%,26.13%
 Videl,RED,EXTREME,239092,215303,2288902,160201,163411,13.90%,24.06%
Super Saiyan 2 Goku,PUR,EXTREME,254884,219626,2311893,158795,158015,13.56%,22.90%
 Gokua,BLU,EXTREME,250102,236904,2461386,155122,159800,13.92%,23.15%
 Bujin,GRN,EXTREME,228474,251314,2406394,143098,145966,15.37%,26.15%
 Bido,PUR,EXTREME,253837,217656,2436788,156666,156673,14.87%,23.15%
 Yamcha,RED,EXTREME,215505,250077,2211525,151308,157414,14.57%,24.51%
 Krillin,PUR,EXTREME,222022,228474,2300369,152814,154334,15.07%,26.15%
 Tien,GRN,EXTREME,217768,219929,2388665,160520,169481,14.23%,24.16%
 Super Vegeta,GRN,EXTREME,225436,244174,2289205,147511,146059,14.09%,23.92%
 Gogeta,RED,EXTREME,247705,219929,2461364,159705,162101,13.86%,22.60%
 Syn Shenron,BLU,EXTREME,215606,215606,2279047,155223,160672,14.37%,24.16%
 Hit,RED,EXTREME,241862,213578,2312413,155308,158419,14.52%,24.77%
 Goku (Youth),BLU,EXTREME,235565,209115,2335754,152267,152267,14.08%,23.63%
 Kale,BLU,EXTREME,240677,241884,2347174,156130,158311,14.76%,26.89%
 Borgos,GRN,EXTREME,229959,216955,2437090,154688,151661,14.09%,23.41%
 Shugesh,YEL,EXTREME,250444,219117,2359194,145576,144145,13.61%,23.18%
 Android #15,GRN,EXTREME,222106,236169,2174726,146845,148313,13.91%,23.53%
 Android #14,BLU,EXTREME,236145,213703,2233040,156674,152064,13.91%,23.30%
 Hyper Meta-Rilldo,YEL,EXTREME,236740,198431,2435618,152987,154516,14.29%,24.74%
 Super Trunks,PUR,EXTREME,254946,233949,2363280,144552,147463,12.32%,21.01%
2nd Form Frieza,YEL,EXTREME,241577,216354,2265041,148495,148488,12.81%,22.12%
 Trunks (Kid),GRN,EXTREME,212082,240382,2333904,140355,144626,14.29%,25.26%
 Goku,PUR,EXTREME,247509,213087,2334138,149191,152952,13.31%,23.24%
 Buu: Super,RED,EXTREME,247554,242785,2265041,144626,141772,13.44%,22.89%
 Shisami,GRN,EXTREME,239365,203709,2334340,144828,140557,13.73%,22.46%
 Android #13,RED,EXTREME,228865,236998,2357797,147221,150181,13.60%,23.14%
Legendary Super Saiyan Broly,YEL,EXTREME,238181,254680,2435820,152460,149440,13.73%,23.49%
 Nail,PUR,EXTREME,214739,249309,2387656,154285,157397,13.58%,24.54%
 Krillin,PUR,EXTREME,214739,238496,2242896,144600,151990,14.56%,25.95%
 Gohan (Kid),YEL,EXTREME,219043,249309,2078778,155837,155845,13.09%,23.17%
 Captain Ginyu,PUR,EXTREME,235283,235260,2300224,144715,144715,13.59%,23.32%
 Jeice,RED,EXTREME,212911,226845,2288612,142565,149828,13.26%,23.43%
 Recoome,BLU,EXTREME,220534,215122,2412171,158414,159996,13.03%,21.99%
 Burter,YEL,EXTREME,223601,195647,2189139,142666,148455,14.60%,24.97%
 Guldo,GRN,EXTREME,182117,218360,2079390,141969,146269,14.46%,25.60%
God of Destruction Beerus,YEL,EXTREME,216389,247440,2211664,137628,134921,13.45%,22.45%
 Chilled,YEL,EXTREME,241493,247453,2167676,145744,144306,13.75%,22.78%
 Super Janemba,YEL,EXTREME,235539,217486,2233545,144306,144299,14.19%,23.76%
 Boujack,GRN,EXTREME,216591,215525,2335217,153571,153578,13.71%,23.25%
 Videl,PUR,EXTREME,226354,213496,2300599,158298,153664,13.08%,22.48%
 Zangya,BLU,EXTREME,237038,234694,2335318,141769,144609,13.92%,23.26%
 Bulma (Youth),YEL,EXTREME,193458,246720,2122085,144085,146961,13.89%,24.65%
Super Namekian Lord Slug,YEL,EXTREME,213698,215839,2382667,148620,149358,13.23%,22.06%
Super Saiyan Vegeta,BLU,EXTREME,212451,209333,2168282,151696,150205,12.37%,20.87%
 Majin Buu: Pure Evil,BLU,EXTREME,228895,255532,2266758,139605,138234,13.48%,22.40%
 Tien,RED,EXTREME,217016,217016,2179169,144200,148529,14.04%,24.18%
 Trunks (Teen),PUR,EXTREME,242188,197514,2190156,145020,146444,13.49%,22.85%
 Chi-Chi,PUR,EXTREME,215328,236853,2310667,158344,161547,14.16%,24.26%
 Caulifla,RED,EXTREME,217604,213310,2199326,126782,123040,12.20%,20.12%
 Gohan,GRN,EXTREME,203002,234979,2199528,141519,142923,12.11%,20.52%
 Whis,RED,EXTREME,232435,247882,2120984,158591,158591,14.18%,26.30%
 Tora,PUR,EXTREME,202297,220197,2311634,141808,137637,13.13%,21.96%
 Fasha,RED,EXTREME,211856,197317,2211159,132566,136582,14.21%,24.19%
Super Saiyan Vegeta,PUR,EXTREME,199384,230761,2010109,118619,119211,13.14%,22.41%
 Pan: Honey,RED,EXTREME,200402,206726,2100182,139816,144043,14.29%,25.58%
Super Saiyan Trunks (Teen),GRN,EXTREME,201390,230738,2068796,118630,124043,11.41%,18.17%
King of the Demon Realm Dabura,RED,EXTREME,210763,242337,2334929,157704,157712,13.94%,23.10%
 Vegeta,YEL,EXTREME,210802,234391,2090089,147182,141466,12.56%,21.12%
 Android #18,PUR,EXTREME,201784,228866,2090089,134403,137086,13.89%,23.00%
 Android #17,GRN,EXTREME,211290,189346,2069200,154295,151256,12.68%,21.01%
 Zamasu,GRN,EXTREME,211185,236847,2358690,148230,154219,13.76%,22.56%
 Mai,PUR,EXTREME,189413,220746,1910250,134593,136600,12.70%,21.24%
 Cell Jr.,YEL,EXTREME,234160,198529,1991326,119741,122115,11.92%,18.10%
 Gohan (Youth),RED,EXTREME,160273,236506,1951736,139159,136448,11.78%,20.59%
 Majin Buu: Good,BLU,EXTREME,237380,219196,2413080,156326,156333,13.12%,22.63%
Super Saiyan Goku,PUR,EXTREME,251162,233949,2188230,141684,147455,13.94%,24.37%
 Android #16,YEL,EXTREME,216804,192292,2265445,135036,133697,12.85%,21.94%
Perfect Form Cell,PUR,EXTREME,215722,225342,2334525,144386,145816,14.63%,25.06%
 Goten (Kid),BLU,EXTREME,203703,159529,1809674,129335,129342,8.20%,19.88%
 Trunks (Kid),BLU,EXTREME,154822,209897,1846233,126774,130635,10.29%,15.69%
 Cooler,BLU,EXTREME,190722,197317,2210938,130062,127494,13.13%,22.51%
 Thouser,PUR,EXTREME,208690,159878,2334611,120334,122755,13.21%,22.19%
2nd Form Cell,BLU,EXTREME,203351,209776,1990316,139429,139422,14.88%,24.96%
 Dodoria,GRN,EXTREME,186547,143648,2044231,122675,130056,11.26%,15.54%
 Zarbon,BLU,EXTREME,156762,169016,1789354,120423,140423,10.39%,26.11%
 Raditz,BLU,EXTREME,174327,186983,1678562,91327,88628,12.05%,13.36%
 Bardock,YEL,EXTREME,187081,138525,1883719,126781,124264,10.65%,19.58%
1st Form Frieza,YEL,EXTREME,159736,177484,1807338,127437,112062,11.07%,19.19%
 Pan,PUR,EXTREME,159736,180816,1626767,108403,113961,8.70%,17.80%
 Demon King Piccolo,PUR,EXTREME,203909,240600,2347046,134669,133350,12.65%,20.73%
 Trunks,GRN,EXTREME,215637,242855,2211967,144602,145307,13.72%,23.50%
 Android #17,RED,EXTREME,177786,148148,1812847,104782,107963,9.34%,17.45%
 Cabba,GRN,EXTREME,158960,207564,2131683,123539,127913,11.39%,17.97%
 Android #18,GRN,EXTREME,145207,139682,1827954,102444,158338,7.80%,17.80%
 Master Roshi,PUR,EXTREME,138532,184321,1864788,128685,128048,12.43%,15.85%
1st Form Cell,YEL,EXTREME,148148,144624,1867871,104772,85506,13.40%,17.45%
 Turles,GRN,EXTREME,196041,239304,2358791,129980,129980,13.91%,23.25%
 Vegeta,RED,EXTREME,193705,112919,1846233,121857,126824,7.89%,15.18%
 Trunks (Teen),YEL,EXTREME,176095,146739,1518145,102753,103775,9.02%,20.57%
 Android #19,RED,EXTREME,178428,126805,1771638,95437,116928,13.05%,23.08%
 Android #20,YEL,EXTREME,122899,166127,1892996,99465,124325,12.43%,22.85%
Final Form Frost,BLU,EXTREME,153334,151808,1957930,134347,138439,9.26%,18.74%
 Mercenary Tao,PUR,EXTREME,210361,156531,2010714,118532,122712,14.41%,25.76%
3rd Form Frieza,PUR,EXTREME,220053,230963,2289205,141870,146141,12.53%,21.05%
1st Form Frieza,BLU,EXTREME,207717,251392,2047511,143296,144735,12.21%,21.23%
 Vegeta,GRN,EXTREME,195763,234496,1989508,134520,135864,13.14%,22.34%
Fused with Nail Piccolo,YEL,EXTREME,192109,190182,2310999,144136,142712,13.03%,22.14%
 Nappa,RED,EXTREME,206318,108496,1812847,83846,118451,8.75%,19.94%
 Chiaotzu,PUR,EXTREME,105635,195774,2089988,126527,128418,14.68%,24.98%
 Tien,YEL,EXTREME,202107,198125,1971028,151552,153060,11.09%,24.61%
 Yamcha,GRN,EXTREME,230155,192919,1989609,118013,122205,11.69%,18.29%
 Krillin,RED,EXTREME,195441,189716,2324024,141615,140223,13.60%,22.82%
 Goku,BLU,EXTREME,215217,109036,1626929,107372,105240,10.65%,16.62%
 Shallot,LGT,HERO,157308,153429,1431770,95446,93551,9.49%,13.43%
 Mercenary Tao,YEL,HERO,183710,205109,2031312,136220,138257,13.88%,23.41%
 Nail,GRN,HERO,213674,181695,2020004,132428,136450,12.31%,21.27%
World Champion Hercule,BLU,HERO,145872,110571,1726312,119688,121480,8.59%,14.28%
 Videl,RED,HERO,214113,186600,2009301,144545,145996,13.07%,22.45%
2nd Form Cell,BLU,HERO,141093,141788,1657590,113826,116120,7.45%,12.81%
 Krillin,BLU,HERO,158503,156935,1692628,138267,138950,13.10%,22.06%
Super Saiyan Goku,PUR,HERO,161755,109514,1971331,119640,122014,12.86%,22.18%
 Turles,BLU,HERO,157036,161763,2011119,132358,135002,8.72%,14.60%
 Cell Jr.,GRN,HERO,156420,159906,1635548,73018,75994,11.60%,15.51%
 Thouser,RED,HERO,156425,161973,2009705,135622,139737,8.42%,14.26%
1st Form Cell,PUR,HERO,169032,143414,1595305,94071,95967,9.39%,12.87%
 Goku,PUR,HERO,158354,158354,1205640,105038,105564,8.28%,15.35%
 Master Roshi,YEL,HERO,84438,160741,1352861,110457,116120,9.30%,18.65%
 Cabba,BLU,HERO,98373,139689,1691161,113821,112688,9.40%,15.51%
 Jaco,GRN,HERO,140313,134237,1205580,102484,102489,8.45%,18.74%
 Saibaman,PUR,HERO,116233,117994,1612255,106526,107598,10.26%,15.72%
 Yamcha,YEL,HERO,112721,131090,1717866,93551,98348,10.86%,15.66%
 Android #19,BLU,HERO,147584,141790,1223755,81179,81175,11.81%,18.08%
 Android #20,PUR,HERO,91304,94553,1641178,110522,113877,11.30%,18.46%
Final Form Frost,YEL,HERO,146109,108223,1683765,75593,118012,8.27%,18.17%
 Chiaotzu,GRN,HERO,91610,177185,1477134,97471,103499,10.30%,15.22%
 Tien,BLU,HERO,132833,95481,1278581,129779,127845,9.35%,14.77%
 Yamcha,GRN,HERO,96446,130202,1582324,125320,85662,10.60%,16.58%
Fused with Nail Piccolo,RED,HERO,110699,146116,1898789,86091,127851,8.25%,13.49%
 Pan,GRN,HERO,154979,150384,1145301,94496,118018,8.31%,15.07%
 Jaco,RED,HERO,133360,92540,1297792,129136,129130,9.45%,14.77%
 Pikkon,GRN,HERO,91619,99263,1863352,121763,79564,12.23%,17.90%
2nd Form Frieza,RED,HERO,166447,98389,1667094,77892,114530,8.10%,18.08%
1st Form Frieza,GRN,HERO,93475,140903,1898694,83555,106548,11.22%,14.92%
 Captain Ginyu,RED,HERO,87669,170477,1582166,106543,105483,9.26%,15.30%
 Jeice,PUR,HERO,108513,122375,1566579,95888,96852,9.35%,21.10%
 Recoome,RED,HERO,180800,128494,1431555,95432,95437,9.40%,13.43%
 Burter,BLU,HERO,138005,120533,1403137,87615,86743,10.39%,20.68%
 Guldo,BLU,HERO,117971,130383,1567706,102449,104513,10.19%,15.68%
 Dodoria,RED,HERO,164766,143201,1156754,77876,76338,12.53%,17.55%
 Zarbon,GRN,HERO,104107,103066,1614209,128481,127858,9.26%,14.92%
 Vegeta,BLU,HERO,120558,168111,1717866,73352,118006,9.21%,13.56%
 Nappa,YEL,HERO,150558,155969,1446159,107634,101872,8.52%,11.82%
 Saibaman,YEL,HERO,124155,125404,1506234,105542,104493,10.40%,15.37%
 Raditz,BLU,HERO,152072,144655,1205580,102489,116989,7.95%,14.84%
 Krillin,PUR,HERO,119352,145382,1826545,80364,124217,8.95%,13.43%
 Gohan (Kid),GRN,HERO,93005,144468,1566501,124073,86956,10.08%,16.41%
 Goku,YEL,HERO,105396,178992,1417452,95441,94492,10.60%,14.77%
